train/critic_loss,eval/mean_ep_length,eval/mean_quat_reward,eval/success_rate,train/n_updates,train/ent_coef_loss,train/actor_loss,train/learning_rate,eval/mean_reward,eval/mean_bonus_reward,train/ent_coef,time/total_timesteps,eval/mean_pos_reward,time/episodes,time/time_elapsed,time/fps,rollout/ep_rew_mean,rollout/ep_len_mean,rollout/success_rate
0.03232870250940323,50.0,30.784064043091075,0.0,24899,-0.7427847981452942,-58.905765533447266,0.0003,17.655150171934803,0.0,0.007084250915795565,25000,19.918268322562398,,,,,,
,,,,,,,,,,,25000,,500,170,146,19.364344879999997,50.0,0.0
0.07381027191877365,50.0,34.20477316532122,0.0,49899,1.160499095916748,-57.900535583496094,0.0003,22.92055174073437,0.0,0.007611466106027365,50000,28.73871690728768,,,,,,
,,,,,,,,,,,50000,,1000,340,146,23.112080920000004,50.0,0.0
0.09859658777713776,50.0,32.89405752303491,0.0,74899,-1.57611083984375,-56.992408752441406,0.0003,22.096665500168747,0.0,0.007485868409276009,75000,27.74630223907301,,,,,,
,,,,,,,,,,,75000,,1500,510,146,23.789565479999997,50.0,0.0
0.0908755362033844,50.0,35.2624194670487,0.0,99899,-0.1691889464855194,-57.94810485839844,0.0003,24.02736176005099,0.0,0.007338265422731638,100000,30.423513814529134,,,,,,
,,,,,,,,,,,100000,,2000,683,146,25.26380013,50.0,0.0
0.13584166765213013,50.0,36.6197108930685,0.0,124899,-1.3944239616394043,-58.78022384643555,0.0003,26.41375051625073,0.0,0.007433742750436068,125000,34.51764558789127,,,,,,
,,,,,,,,,,,125000,,2500,857,145,25.002700259999997,50.0,0.0
0.1237858384847641,50.0,34.960007148818924,0.0,149899,0.908994197845459,-59.43278884887695,0.0003,25.349214320923203,0.0,0.006340140011161566,150000,33.218425089406985,,,,,,
,,,,,,,,,,,150000,,3000,1030,145,25.18679683,50.0,0.0
0.10049472749233246,50.0,36.23712814437178,0.01,174899,-2.2732110023498535,-59.431461334228516,0.0003,26.24819546974264,0.03,0.006324484013020992,175000,34.36282685440163,,,,,,
,,,,,,,,,,,175000,,3500,1203,145,25.9058199,50.0,0.0
0.10072623193264008,50.0,37.71771561295886,0.0,199899,-0.37595438957214355,-59.581642150878906,0.0003,26.959546530426014,0.0,0.005796462297439575,200000,35.060235252467145,,,,,,
,,,,,,,,,,,200000,,4000,1376,145,26.685217139999992,50.0,0.0
0.10955561697483063,50.0,37.65959860448317,0.0,224899,0.3088066577911377,-60.19422149658203,0.0003,27.292021226428915,0.02,0.005710266064852476,225000,35.744243159572406,,,,,,
,,,,,,,,,,,225000,,4500,1549,145,27.235553280000005,50.0,0.0
0.11691895872354507,50.0,37.54624464775341,0.0,249899,-1.5088061094284058,-60.33653259277344,0.0003,27.490520761318912,0.0,0.005376506131142378,250000,36.20791920133856,,,,,,
,,,,,,,,,,,250000,,5000,1721,145,27.548030630000003,50.0,0.0
0.08672282099723816,50.0,36.87045840372731,0.0,274899,6.120965003967285,-60.000221252441406,0.0003,27.746878884789183,0.02,0.00503135472536087,275000,37.04852857670227,,,,,,
,,,,,,,,,,,275000,,5500,1894,145,28.007883659999997,50.0,0.0
0.06842438876628876,50.0,39.1116312863182,0.0,299899,0.07319855690002441,-60.711509704589844,0.0003,28.508663546887693,0.0,0.004939877428114414,300000,37.46151146927809,,,,,,
,,,,,,,,,,,300000,,6000,2065,145,28.45114478,50.0,0.0
0.07809346169233322,50.0,38.98053846905965,0.0,324899,1.1213819980621338,-61.065086364746094,0.0003,28.507455342384056,0.04,0.004842823371291161,325000,37.504641408709446,,,,,,
,,,,,,,,,,,325000,,6500,2236,145,28.242584890000003,50.0,0.0
0.09063950181007385,50.0,38.82067376757961,0.0,349899,-1.1763403415679932,-61.13456344604492,0.0003,28.454725660122932,0.0,0.004669765941798687,350000,37.49911445759126,,,,,,
,,,,,,,,,,,350000,,7000,2409,145,29.001128680000008,50.0,0.01
0.07587092369794846,50.0,38.59462528381324,0.0,374899,0.4745696783065796,-62.087738037109375,0.0003,28.616343696124385,0.0,0.004513338673859835,375000,37.935374740576314,,,,,,
,,,,,,,,,,,375000,,7500,2582,145,28.615698260000002,50.0,0.0
0.08451172709465027,50.0,39.18060461949985,0.02,399899,1.839306354522705,-61.79693603515625,0.0003,29.364566071545706,0.26,0.004263282287865877,400000,39.00882987078635,,,,,,
,,,,,,,,,,,400000,,8000,2755,145,28.920151970000006,50.0,0.0
0.09282098710536957,50.0,39.88766110850039,0.0,424899,1.8824374675750732,-61.82734680175781,0.0003,29.49450506492518,0.0,0.004354510921984911,425000,39.04517957498436,,,,,,
,,,,,,,,,,,425000,,8500,2928,145,28.850736670000007,50.0,0.0
0.07088898867368698,50.0,38.75420154126823,0.0,449899,1.2808003425598145,-62.219818115234375,0.0003,29.09081470549805,0.0,0.004183638375252485,450000,38.80452865396859,,,,,,
,,,,,,,,,,,450000,,9000,3099,145,28.24579842,50.0,0.0
0.05957990139722824,50.0,39.730632079343955,0.0,474899,-1.2410567998886108,-62.88516616821289,0.0003,29.7900969547173,0.0,0.004072112496942282,475000,39.71487787519028,,,,,,
,,,,,,,,,,,475000,,9500,3270,145,28.679277049999996,50.0,0.0
0.08223984390497208,50.0,40.451202372482506,0.0,499899,-1.2424105405807495,-62.82167053222656,0.0003,30.076292378832587,0.0,0.004017585888504982,500000,39.926983578088425,,,,,,
,,,,,,,,,,,500000,,10000,3442,145,29.474248309999997,50.0,0.0
0.05918661504983902,50.0,39.55256403258655,0.0,524899,-1.126675009727478,-63.34717559814453,0.0003,29.89710684366524,0.0,0.003806137712672353,525000,40.01793161203636,,,,,,
,,,,,,,,,,,525000,,10500,3614,145,29.375035659999998,50.0,0.0
0.08108684420585632,50.0,39.143852876828944,0.0,549899,1.2311421632766724,-63.486785888671875,0.0003,29.316433544261383,0.0,0.003792240982875228,550000,39.0609406628956,,,,,,
,,,,,,,,,,,550000,,11000,3787,145,28.73954147,50.0,0.0
0.0720556229352951,50.0,38.77751250381754,0.0,574899,1.9959969520568848,-63.45954513549805,0.0003,29.903752123615703,0.12,0.0036838322412222624,575000,40.358747989743904,,,,,,
,,,,,,,,,,,575000,,11500,3957,145,29.872634099999996,50.0,0.0
0.07216013967990875,50.0,40.34412659675801,0.0,599899,0.3998575806617737,-63.975807189941406,0.0003,30.425675009265543,0.06999999999999999,0.003625371027737856,600000,40.64428671428929,,,,,,
,,,,,,,,,,,600000,,12000,4130,145,29.839929599999994,50.0,0.0
0.06779514253139496,50.0,39.62040740429296,0.0,624899,-0.31198740005493164,-63.49979019165039,0.0003,30.185390890957787,0.0,0.0035755441058427095,625000,40.56057806509965,,,,,,
,,,,,,,,,,,625000,,12500,4301,145,30.365343299999996,50.0,0.0
0.0811629444360733,50.0,39.902025178282905,0.0,649899,1.816862940788269,-63.69340515136719,0.0003,30.191861050995065,0.0,0.003573946887627244,650000,40.43270956335798,,,,,,
,,,,,,,,,,,650000,,13000,4472,145,29.379000450000003,50.0,0.0
0.07348175346851349,50.0,41.187453182011716,0.0,674899,-1.2976493835449219,-63.99385070800781,0.0003,30.594902889715158,0.1,0.0035002510994672775,675000,40.54607918139898,,,,,,
,,,,,,,,,,,675000,,13500,4643,145,30.032730830000002,50.0,0.0
0.06232992559671402,50.0,39.51460683837587,0.0,699899,0.7260333895683289,-64.42279052734375,0.0003,30.107416207685603,0.01,0.0034628056455403566,700000,40.45252897396613,,,,,,
,,,,,,,,,,,700000,,14000,4813,145,29.83415146,50.0,0.0
0.04944927990436554,50.0,39.506463597348784,0.0,724899,-1.7313936948776245,-64.97391510009766,0.0003,29.916524147801102,0.0,0.0033887990284711123,725000,40.07981651544277,,,,,,
,,,,,,,,,,,725000,,14500,4981,145,30.25556277,50.0,0.0
0.05852502956986427,50.0,41.109064264519866,0.0,749899,-1.4628033638000488,-65.0082015991211,0.0003,31.15265988368541,0.08,0.0033575533889234066,750000,41.71078767779658,,,,,,
,,,,,,,,,,,750000,,15000,5151,145,30.43642752,50.0,0.0
0.05690178647637367,50.0,40.567607330186696,0.01,774899,0.15211260318756104,-64.02074432373047,0.0003,29.98710808493139,0.37,0.0032669687643647194,775000,39.50541250192406,,,,,,
,,,,,,,,,,,775000,,15500,5321,145,30.19884726,50.0,0.0
0.05187418311834335,50.0,40.82380234668117,0.0,799899,0.8823227882385254,-64.786865234375,0.0003,31.16061023719609,0.0,0.003298163879662752,800000,41.90931929099137,,,,,,
,,,,,,,,,,,800000,,16000,5492,145,30.227014399999995,50.0,0.0
0.05226445570588112,50.0,40.086093578685805,0.01,824899,-2.941553831100464,-65.34039306640625,0.0003,30.419869176894426,0.29,0.003209591843187809,825000,40.65169155976266,,,,,,
,,,,,,,,,,,825000,,16500,5662,145,30.220583790000006,50.0,0.0
0.05018240213394165,50.0,39.61057827282516,0.01,849899,-1.9136264324188232,-65.32487487792969,0.0003,30.45977941684425,0.32,0.0031326909083873034,850000,40.95426969583458,,,,,,
,,,,,,,,,,,850000,,17000,5834,145,31.085332689999994,50.0,0.0
0.05842581391334534,50.0,40.89072712569806,0.01,874899,1.2657208442687988,-65.13138580322266,0.0003,31.22808773797471,0.24,0.003144472138956189,875000,41.890811920783285,,,,,,
,,,,,,,,,,,875000,,17500,5998,145,30.946137240000006,50.0,0.0
0.043260619044303894,50.0,40.64440377164649,0.0,899899,-0.9863196611404419,-65.61943054199219,0.0003,30.851234880590347,0.16,0.003018680028617382,900000,41.30026782401717,,,,,,
,,,,,,,,,,,900000,,18000,6165,145,30.577372200000003,50.0,0.0
0.06407696008682251,50.0,40.99736489660316,0.0,924899,-0.7426794767379761,-65.44194030761719,0.0003,30.953412184938788,0.01,0.00304518174380064,925000,41.403141943047885,,,,,,
,,,,,,,,,,,925000,,18500,6337,145,31.16357756,50.0,0.0
0.0459674596786499,50.0,41.09214989469395,0.01,949899,0.3314615488052368,-65.53079223632812,0.0003,31.050463020950556,0.21,0.002914736047387123,950000,41.44985107330878,,,,,,
,,,,,,,,,,,950000,,19000,6508,145,30.43157344,50.0,0.0
0.04525167495012283,50.0,40.32017397030428,0.0,974899,-1.4595963954925537,-65.59442138671875,0.0003,30.590589414418208,0.05,0.0029397152829915285,975000,40.9960918218107,,,,,,
,,,,,,,,,,,975000,,19500,6680,145,30.724522320000005,50.0,0.0
0.03930879384279251,50.0,41.772294177153334,0.0,999899,-3.3210651874542236,-65.6712875366211,0.0003,30.93749955433421,0.0,0.0028601884841918945,1000000,40.98885198203131,,,,,,
,,,,,,,,,,,1000000,,20000,6848,146,30.63564299,50.0,0.01
0.0422971211373806,50.0,40.889367571354065,0.01,1024899,0.024114787578582764,-65.8406753540039,0.0003,30.573610221631824,0.16999999999999998,0.0027453394141048193,1025000,40.61753666181793,,,,,,
,,,,,,,,,,,1025000,,20500,7019,146,30.718947110000002,50.0,0.0
0.03682965040206909,50.0,41.5544789812968,0.0,1049899,0.852960467338562,-66.43000793457031,0.0003,31.19539587904699,0.0,0.002645278349518776,1050000,41.61355228261153,,,,,,
,,,,,,,,,,,1050000,,21000,7190,146,30.648210489999997,50.0,0.0
0.035363756120204926,50.0,40.11429231884464,0.0,1074899,3.7094674110412598,-66.05714416503906,0.0003,31.090764940083027,0.0,0.002567450748756528,1075000,42.124383741764795,,,,,,
,,,,,,,,,,,1075000,,21500,7362,146,30.67405334,50.0,0.01
0.032911624759435654,50.0,40.76378618622204,0.0,1099899,-3.759243965148926,-66.32324981689453,0.0003,30.511229565723333,0.0,0.002468505874276161,1100000,40.64056603474709,,,,,,
,,,,,,,,,,,1100000,,22000,7532,146,30.994696569999995,50.0,0.0
0.03910113871097565,50.0,41.61142856692082,0.01,1124899,0.7417628765106201,-66.54827117919922,0.0003,31.299867271165713,0.33999999999999997,0.0023819259367883205,1125000,41.624020235501895,,,,,,
,,,,,,,,,,,1125000,,22500,7701,146,30.040325160000005,50.0,0.0
0.027013618499040604,50.0,40.755990988140994,0.0,1149899,-0.869978129863739,-66.54259490966797,0.0003,30.679952824264763,0.0,0.002322435611858964,1150000,40.9819101702968,,,,,,
,,,,,,,,,,,1150000,,23000,7871,146,31.48935696,50.0,0.0
0.03616651892662048,50.0,40.486299862260026,0.0,1174899,-0.5496596097946167,-66.7222671508789,0.0003,30.849694758057595,0.01,0.002209570026025176,1175000,41.45123958380327,,,,,,
,,,,,,,,,,,1175000,,23500,8040,146,30.760478130000003,50.0,0.01
0.029643626883625984,50.0,41.2231423156873,0.0,1199899,-0.6257563829421997,-66.87300109863281,0.0003,31.348150826916097,0.03,0.002120660152286291,1200000,42.06973048215814,,,,,,
,,,,,,,,,,,1200000,,24000,8207,146,31.14063596,50.0,0.0
0.022433333098888397,50.0,41.676038604539976,0.0,1224899,-0.5658098459243774,-66.71971130371094,0.0003,31.135939993892098,0.0,0.0020874280016869307,1225000,41.433860699140965,,,,,,
,,,,,,,,,,,1225000,,24500,8372,146,30.866410469999995,50.0,0.0
0.025891302153468132,50.0,40.50262934212693,0.0,1249899,-2.8498783111572266,-67.33084869384766,0.0003,30.833291538096965,0.03,0.0020856293849647045,1250000,41.40026839297161,,,,,,
,,,,,,,,,,,1250000,,25000,8541,146,30.843302939999997,50.0,0.0
0.031095530837774277,50.0,41.96237817047745,0.0,1274899,-1.5327770709991455,-66.94317626953125,0.0003,31.68438536696136,0.0,0.0019819645676761866,1275000,42.38758166389295,,,,,,
,,,,,,,,,,,1275000,,25500,8711,146,30.914429260000006,50.0,0.01
0.0373532772064209,50.0,40.68720818584134,0.0,1299899,4.104489326477051,-66.84393310546875,0.0003,30.648492830195465,0.05,0.0019512400031089783,1300000,40.92838162557773,,,,,,
,,,,,,,,,,,1300000,,26000,8879,146,31.67274576,50.0,0.0
0.028178691864013672,50.0,41.13484945600974,0.01,1324899,-2.6706783771514893,-67.4312973022461,0.0003,31.620023174434902,0.13,0.001915115281008184,1325000,42.607621570039875,,,,,,
,,,,,,,,,,,1325000,,26500,9047,146,31.04971191,50.0,0.0
0.021121252328157425,50.0,41.56176591927471,0.0,1349899,-0.12294131517410278,-67.45094299316406,0.0003,31.610417704507707,0.05,0.0018844030564650893,1350000,42.414952450553265,,,,,,
,,,,,,,,,,,1350000,,27000,9214,146,31.585715469999997,50.0,0.0
0.02403838559985161,50.0,41.28521221250205,0.01,1374899,1.757197618484497,-67.49114227294922,0.0003,31.59841713698581,0.13,0.001925686257891357,1375000,42.48922816883796,,,,,,
,,,,,,,,,,,1375000,,27500,9382,146,31.077459320000003,50.0,0.01
0.02743075229227543,50.0,41.34730931355629,0.01,1399899,2.717101573944092,-66.9949951171875,0.0003,30.7826718595624,0.16,0.0018538829172030091,1400000,40.811689061431174,,,,,,
,,,,,,,,,,,1400000,,28000,9549,146,31.24666991000001,50.0,0.02
0.024101898074150085,50.0,42.284292880991096,0.0,1424899,-2.2794642448425293,-67.431640625,0.0003,31.894071377441286,0.16,0.001856315415352583,1425000,42.56599633253687,,,,,,
,,,,,,,,,,,1425000,,28500,9717,146,31.18856731,50.0,0.0
0.024932995438575745,50.0,41.85679346923274,0.0,1449899,-0.7051032185554504,-67.46986389160156,0.0003,31.136745529323818,0.0,0.0018451923970133066,1450000,41.3450943596153,,,,,,
,,,,,,,,,,,1450000,,29000,9883,146,31.330366670000007,50.0,0.02
0.025557273998856544,50.0,42.26587403411276,0.01,1474899,2.498988389968872,-67.27501678466797,0.0003,32.18651812477969,0.27,0.0018386569572612643,1475000,43.10509917663233,,,,,,
,,,,,,,,,,,1475000,,29500,10050,146,31.50719495,50.0,0.0
0.020202472805976868,50.0,41.81887416676107,0.01,1499899,1.1744389533996582,-67.63148498535156,0.0003,31.980848525315523,0.41000000000000003,0.0018161938060075045,1500000,42.847260007613805,,,,,,
,,,,,,,,,,,1500000,,30000,10217,146,31.346983640000005,50.0,0.01
0.020649969577789307,50.0,41.6925654103837,0.02,1524899,0.7587954998016357,-68.14967346191406,0.0003,31.573949386891908,0.45999999999999996,0.001858499483205378,1525000,42.07161607128052,,,,,,
,,,,,,,,,,,1525000,,30500,10384,146,31.205338930000003,50.0,0.02
0.026833806186914444,50.0,42.815659561267275,0.01,1549899,1.4332952499389648,-67.95860290527344,0.0003,32.09017738964408,0.24,0.001852088258601725,1550000,42.652525039168594,,,,,,
,,,,,,,,,,,1550000,,31000,10552,146,31.496957079999998,50.0,0.0
0.019433699548244476,50.0,42.20663141391151,0.01,1574899,-3.7835421562194824,-68.20292663574219,0.0003,31.787427750229835,0.09,0.0018507156055420637,1575000,42.42653981698358,,,,,,
,,,,,,,,,,,1575000,,31500,10718,146,31.699527720000006,50.0,0.0
0.022447291761636734,50.0,40.31980532008511,0.02,1599899,-0.1845603585243225,-68.23695373535156,0.0003,31.272308545112608,0.52,0.0018603978678584099,1600000,42.12471441907958,,,,,,
,,,,,,,,,,,1600000,,32000,10882,147,31.27690505,50.0,0.0
0.01901647262275219,50.0,42.2199735571123,0.01,1624899,-2.3511953353881836,-68.54829406738281,0.0003,32.040157577060164,0.26,0.001848433050327003,1625000,42.84032840442001,,,,,,
,,,,,,,,,,,1625000,,32500,11047,147,32.22885602,50.0,0.0
0.019258752465248108,50.0,42.1475001662234,0.01,1649899,-2.5872254371643066,-68.28691864013672,0.0003,32.26050406858325,0.5499999999999999,0.0018526818603277206,1650000,43.1722580653353,,,,,,
,,,,,,,,,,,1650000,,33000,11215,147,31.405825749999998,50.0,0.0
0.020469464361667633,50.0,41.7827656770192,0.02,1674899,4.0449676513671875,-68.16626739501953,0.0003,32.041641200780866,0.59,0.0017874089535325766,1675000,42.89689958906078,,,,,,
,,,,,,,,,,,1675000,,33500,11381,147,31.944219770000004,50.0,0.0
0.016162503510713577,50.0,41.34073589153103,0.01,1699899,-4.350754737854004,-68.61790466308594,0.0003,31.470439409683458,0.06999999999999999,0.00176369643304497,1700000,42.23551088978283,,,,,,
,,,,,,,,,,,1700000,,34000,11547,147,31.493318240000004,50.0,0.0
0.018903646618127823,50.0,42.19116339435832,0.01,1724899,0.25087809562683105,-68.0846176147461,0.0003,31.865418827831746,0.45999999999999996,0.0017051859758794308,1725000,42.40525596263589,,,,,,
,,,,,,,,,,,1725000,,34500,11713,147,31.284758489999998,50.0,0.01
0.02094501629471779,50.0,42.29502033322311,0.01,1749899,1.7472624778747559,-67.98188781738281,0.0003,32.05804348304868,0.27,0.001735855359584093,1750000,42.83357685386967,,,,,,
,,,,,,,,,,,1750000,,35000,11881,147,32.02935309,50.0,0.01
0.02027577906847,50.0,40.92705810785817,0.02,1774899,-3.8077173233032227,-68.37981414794922,0.0003,31.757531346501782,0.69,0.00176043133251369,1775000,42.70653362676758,,,,,,
,,,,,,,,,,,1775000,,35500,12048,147,31.93595948,50.0,0.01
0.0212435033172369,50.0,41.690607330810145,0.01,1799899,0.03626883029937744,-68.21337890625,0.0003,31.778989033102988,0.21,0.0017885207198560238,1800000,42.60767439526044,,,,,,
,,,,,,,,,,,1800000,,36000,12218,147,31.8725843,50.0,0.01
0.01551053673028946,50.0,41.08849036294679,0.02,1824899,1.668686866760254,-68.4927978515625,0.0003,31.331246749768034,0.38999999999999996,0.0017827521078288555,1825000,41.92324831045744,,,,,,
,,,,,,,,,,,1825000,,36500,12387,147,32.042794549999996,50.0,0.01
0.018725600093603134,50.0,42.12688815726725,0.0,1849899,-0.5186259746551514,-68.4315185546875,0.0003,32.35965816734359,0.13999999999999999,0.0017486265860497952,1850000,43.585872223419045,,,,,,
,,,,,,,,,,,1850000,,37000,12556,147,31.053230560000003,50.0,0.01
0.0211494117975235,50.0,42.04142864778493,0.02,1874899,2.3007404804229736,-68.50101470947266,0.0003,32.08777138369158,0.6799999999999999,0.0017136899987235665,1875000,42.81482841639217,,,,,,
,,,,,,,,,,,1875000,,37500,12725,147,32.28298986,50.0,0.01
0.01810169592499733,50.0,42.36318528100049,0.01,1899899,2.7415711879730225,-68.5732421875,0.0003,32.22985718943178,0.48,0.0017522347625344992,1900000,43.03812174523368,,,,,,
,,,,,,,,,,,1900000,,38000,12893,147,31.55174984,50.0,0.0
0.019930671900510788,50.0,41.56745259603099,0.0,1924899,-0.9804248213768005,-68.50222778320312,0.0003,31.976662329360842,0.01,0.0018147031078115106,1925000,43.16459838170578,,,,,,
,,,,,,,,,,,1925000,,38500,13061,147,31.19802169,50.0,0.0
0.02296195551753044,50.0,41.70206217763877,0.01,1949899,0.8497520685195923,-68.7125244140625,0.0003,31.98071769644797,0.54,0.0017243025358766317,1950000,42.840404312614865,,,,,,
,,,,,,,,,,,1950000,,39000,13229,147,31.42368868,50.0,0.01
0.017159104347229004,50.0,41.84703955109532,0.03,1974899,0.46389544010162354,-68.67259216308594,0.0003,31.871757089551537,0.66,0.0017522757407277822,1975000,42.48999441305026,,,,,,
,,,,,,,,,,,1975000,,39500,13398,147,31.427061710000004,50.0,0.0
0.019713470712304115,50.0,41.76310952688,0.01,1999899,-3.402223587036133,-68.59876251220703,0.0003,32.481881054639814,0.59,0.0017444442491978407,2000000,43.78720736486274,,,,,,
,,,,,,,,,,,2000000,,40000,13566,147,31.390422750000003,50.0,0.0
0.019095512107014656,50.0,41.60279941272627,0.01,2024899,-3.5332276821136475,-68.62080383300781,0.0003,31.813445922425018,0.29,0.0017533029895275831,2025000,42.68049213369121,,,,,,
,,,,,,,,,,,2025000,,40500,13735,147,32.34630468,50.0,0.01
0.01845364086329937,50.0,42.04674150024506,0.01,2049899,-0.2139730453491211,-68.90953826904297,0.0003,31.739888147474268,0.16999999999999998,0.0017678625881671906,2050000,42.37140548980132,,,,,,
,,,,,,,,,,,2050000,,41000,13902,147,31.550226880000004,50.0,0.01
0.019288860261440277,50.0,42.652128010429244,0.01,2074899,-1.5391066074371338,-68.91624450683594,0.0003,32.02610671021044,0.27999999999999997,0.0017240903107449412,2075000,42.586149413353,,,,,,
,,,,,,,,,,,2075000,,41500,14069,147,31.62128206,50.0,0.01
0.016236186027526855,50.0,41.417337570345566,0.03,2099899,-4.198350429534912,-68.94297790527344,0.0003,31.9519289907068,1.13,0.0017462309915572405,2100000,42.63018922977491,,,,,,
,,,,,,,,,,,2100000,,42000,14238,147,31.794178470000002,50.0,0.0
0.015363209880888462,50.0,42.309741374558776,0.04,2124899,2.6693975925445557,-68.65596008300781,0.0003,32.48878134646686,1.34,0.0016843244666233659,2125000,43.152692015147096,,,,,,
,,,,,,,,,,,2125000,,42500,14405,147,32.48784834,50.0,0.01
0.015043653547763824,50.0,42.47995298911008,0.02,2149899,1.4117159843444824,-68.83322143554688,0.0003,32.790413071662186,0.6799999999999999,0.0017381173092871904,2150000,44.00084961864875,,,,,,
,,,,,,,,,,,2150000,,43000,14569,147,32.00683835,50.0,0.03
0.018947947770357132,50.0,41.71783230435364,0.02,2174899,4.895012855529785,-68.94230651855469,0.0003,32.05710718605085,0.59,0.0016690850025042892,2175000,42.960298230006785,,,,,,
,,,,,,,,,,,2175000,,43500,14730,147,32.58893849,50.0,0.02
0.016296427696943283,50.0,41.97405184801121,0.01,2199899,-3.4448490142822266,-69.02490234375,0.0003,31.807491559628396,0.35000000000000003,0.0017261162865906954,2200000,42.45295719867544,,,,,,
,,,,,,,,,,,2200000,,44000,14897,147,31.911065109999996,50.0,0.01
0.017385732382535934,50.0,42.197976737342216,0.03,2224899,-1.8265684843063354,-68.9344482421875,0.0003,32.57900001997128,0.79,0.0016938317567110062,2225000,43.664011724593365,,,,,,
,,,,,,,,,,,2225000,,44500,15064,147,32.26524860000001,50.0,0.0
0.015902722254395485,50.0,41.443678754843475,0.02,2249899,-1.0225619077682495,-69.28840637207031,0.0003,31.473758442359976,0.72,0.0016726042376831174,2250000,41.86567749399961,,,,,,
,,,,,,,,,,,2250000,,45000,15232,147,31.971869450000003,50.0,0.01
0.0204385407269001,50.0,41.37157935677816,0.0,2274899,3.091064929962158,-68.79643249511719,0.0003,31.64516186036868,0.01,0.0016312567749992013,2275000,42.59953403616464,,,,,,
,,,,,,,,,,,2275000,,45500,15400,147,32.17145549,50.0,0.01
0.021348830312490463,50.0,41.47266579178735,0.03,2299899,1.40940523147583,-69.07864379882812,0.0003,32.37469267129898,0.44,0.001656398642808199,2300000,43.79305243288186,,,,,,
,,,,,,,,,,,2300000,,46000,15569,147,32.27518315,50.0,0.04
0.016448967158794403,50.0,42.382550781541866,0.0,2324899,-1.8405039310455322,-69.35734558105469,0.0003,31.42402375319216,0.19,0.0016523232916370034,2325000,41.56177213466001,,,,,,
,,,,,,,,,,,2325000,,46500,15738,147,31.84526534,50.0,0.01
0.0128612220287323,50.0,41.936817329781846,0.03,2349899,-0.7019542455673218,-69.27631378173828,0.0003,32.04981147704646,0.91,0.0016803198959678411,2350000,42.67621426898584,,,,,,
,,,,,,,,,,,2350000,,47000,15906,147,31.375237760000005,50.0,0.01
0.01822562888264656,50.0,43.0186763768508,0.05,2374899,-1.3821289539337158,-69.08631896972656,0.0003,32.277266081138514,1.0999999999999999,0.001714998739771545,2375000,42.49519397301435,,,,,,
,,,,,,,,,,,2375000,,47500,16074,147,32.58544023,50.0,0.03
0.017045171931385994,50.0,41.98749420302134,0.05,2399899,-1.77754807472229,-69.43319702148438,0.0003,32.10892312794924,0.89,0.001695735496468842,2400000,42.779099152866344,,,,,,
,,,,,,,,,,,2400000,,48000,16243,147,32.34463315,50.0,0.0
0.01613357476890087,50.0,43.08642472174766,0.02,2424899,0.7481036186218262,-69.24359130859375,0.0003,32.73608121685684,0.54,0.001668107113800943,2425000,43.65895006933961,,,,,,
,,,,,,,,,,,2425000,,48500,16412,147,31.559989899999994,50.0,0.01
0.01653512567281723,50.0,42.988400336789674,0.0,2449899,2.970097303390503,-69.37051391601562,0.0003,32.35274994146035,0.2,0.00167358061298728,2450000,43.111299693926206,,,,,,
,,,,,,,,,,,2450000,,49000,16582,147,32.24717258,50.0,0.02
0.01617979072034359,50.0,42.57174420599702,0.01,2474899,-1.3582801818847656,-69.59112548828125,0.0003,32.46639236989839,0.51,0.001649221288971603,2475000,43.39191263029165,,,,,,
,,,,,,,,,,,2475000,,49500,16751,147,31.483910249999997,50.0,0.01
0.016380053013563156,50.0,42.45368225348338,0.08,2499899,-1.2550735473632812,-69.65142059326172,0.0003,33.22064943924546,2.42,0.0016458203317597508,2500000,44.00445775112367,,,,,,
,,,,,,,,,,,2500000,,50000,16918,147,31.589019919999995,50.0,0.02
0.015928607434034348,50.0,42.1185957346513,0.03,2524899,-2.999354839324951,-69.61503601074219,0.0003,32.186784996595236,0.62,0.0016356933629140258,2525000,43.00427213056198,,,,,,
,,,,,,,,,,,2525000,,50500,17085,147,32.335950340000004,50.0,0.02
0.015424043871462345,50.0,39.9705286397989,0.03,2549899,-0.43618619441986084,-69.30055236816406,0.0003,31.18145719579712,0.8699999999999999,0.001674323808401823,2550000,41.94265005731075,,,,,,
,,,,,,,,,,,2550000,,51000,17253,147,32.588287859999994,50.0,0.01
0.01694583334028721,50.0,42.4503031385936,0.04,2574899,-1.5522379875183105,-68.94503021240234,0.0003,32.98253678736044,1.17,0.0016403829213231802,2575000,44.15492200262381,,,,,,
,,,,,,,,,,,2575000,,51500,17419,147,32.31974488,50.0,0.02
0.015940019860863686,50.0,41.94393502983598,0.02,2599899,2.3781185150146484,-69.40956115722656,0.0003,32.34468905497575,0.69,0.0017031488241627812,2600000,43.37241061406473,,,,,,
,,,,,,,,,,,2600000,,52000,17587,147,32.294261739999996,50.0,0.02
0.018878016620874405,50.0,41.654918570696964,0.01,2624899,-1.3463046550750732,-69.41581726074219,0.0003,32.145719302566725,0.31,0.0017233267426490784,2625000,43.30897934817713,,,,,,
,,,,,,,,,,,2625000,,52500,17755,147,31.71857062,50.0,0.0
0.015266859903931618,50.0,41.412741225430324,0.03,2649899,1.1912767887115479,-69.61347961425781,0.0003,32.19185755489394,1.1400000000000001,0.0016185382846742868,2650000,43.10734450345662,,,,,,
,,,,,,,,,,,2650000,,53000,17922,147,32.522795710000004,50.0,0.0
0.015181316062808037,50.0,42.73736916145326,0.03,2674899,2.650477886199951,-69.18523406982422,0.0003,32.90026906579733,0.9400000000000001,0.0016645117430016398,2675000,43.9618535485687,,,,,,
,,,,,,,,,,,2675000,,53500,18089,147,31.480083169999993,50.0,0.0
0.015646811574697495,50.0,43.2333329197216,0.03,2699899,2.085240602493286,-69.22740173339844,0.0003,32.74602696016431,1.09,0.001618830719962716,2700000,43.33038743999937,,,,,,
,,,,,,,,,,,2700000,,54000,18258,147,32.18953948,50.0,0.01
0.017495648935437202,50.0,42.194159520355825,0.06,2724899,1.029487133026123,-69.6761245727539,0.0003,32.649098023176194,1.8800000000000001,0.001645282027311623,2725000,43.26111629903425,,,,,,
,,,,,,,,,,,2725000,,54500,18427,147,31.96892232,50.0,0.02
0.018333107233047485,50.0,41.97992676709465,0.05,2749899,0.7690532207489014,-69.14646911621094,0.0003,32.17763308286667,1.1400000000000001,0.00165586790535599,2750000,42.795302799463585,,,,,,
,,,,,,,,,,,2750000,,55000,18597,147,32.529434310000006,50.0,0.05
0.01718304306268692,50.0,43.04056905066332,0.04,2774899,2.8427155017852783,-69.251953125,0.0003,32.65421205963008,1.21,0.0016540521755814552,2775000,43.18313957492828,,,,,,
,,,,,,,,,,,2775000,,55500,18764,147,32.31398829,50.0,0.05
0.014496705494821072,50.0,41.86991599002106,0.06,2799899,-4.497452259063721,-69.81283569335938,0.0003,32.59140653114766,1.6400000000000001,0.001725214533507824,2800000,43.42785505824054,,,,,,
,,,,,,,,,,,2800000,,56000,18933,147,32.1541212,50.0,0.0
0.017944853752851486,50.0,42.78448656749026,0.08,2824899,0.04066944122314453,-69.74801635742188,0.0003,33.440116400271656,2.21,0.0017319287871941924,2825000,44.38298951921939,,,,,,
,,,,,,,,,,,2825000,,56500,19101,147,32.831490550000005,50.0,0.01
0.01567528396844864,50.0,41.95178324372697,0.06,2849899,-0.271040141582489,-69.72371673583984,0.0003,32.97803685334744,1.9300000000000002,0.0017317157471552491,2850000,44.015182086122486,,,,,,
,,,,,,,,,,,2850000,,57000,19269,147,32.447817640000004,50.0,0.02
0.015758775174617767,50.0,42.76151773257783,0.03,2874899,-0.632723331451416,-69.5963363647461,0.0003,32.81807162962854,0.97,0.0017191270599141717,2875000,43.77038442882391,,,,,,
,,,,,,,,,,,2875000,,57500,19437,147,32.6222494,50.0,0.03
0.01692657172679901,50.0,42.82254253145719,0.01,2899899,-1.6057345867156982,-69.54180908203125,0.0003,32.80209745213389,0.38999999999999996,0.0016834267880767584,2900000,43.99792362535233,,,,,,
,,,,,,,,,,,2900000,,58000,19604,147,32.187139120000005,50.0,0.0
0.018077047541737556,50.0,43.052887857946345,0.05,2924899,2.0729057788848877,-69.26542663574219,0.0003,33.37113736450672,1.63,0.0016686234157532454,2925000,44.40083078373618,,,,,,
,,,,,,,,,,,2925000,,58500,19772,147,32.51604086,50.0,0.01
0.012024632655084133,50.0,42.042797705312225,0.03,2949899,-1.8547389507293701,-69.80056762695312,0.0003,31.98735253427178,0.83,0.0016823603073135018,2950000,42.53830619472607,,,,,,
,,,,,,,,,,,2950000,,59000,19939,147,32.84995952,50.0,0.01
0.017777282744646072,50.0,42.13330048963888,0.04,2974899,0.5009479522705078,-69.85892486572266,0.0003,32.840033536180854,0.97,0.001692142803221941,2975000,44.1284168475084,,,,,,
,,,,,,,,,,,2975000,,59500,20106,147,32.415017860000006,50.0,0.05
0.015888363122940063,50.0,42.8512421114748,0.05,2999899,3.54076886177063,-69.53659057617188,0.0003,33.12314424514771,1.37,0.0017160361167043447,3000000,44.135667454106496,,,,,,
,,,,,,,,,,,3000000,,60000,20273,147,32.36343497,50.0,0.02
0.014751004986464977,50.0,41.46889237940053,0.02,3024899,2.1039063930511475,-69.57504272460938,0.0003,32.00768683153903,0.89,0.0017073721392080188,3025000,42.83592749430587,,,,,,
,,,,,,,,,,,3025000,,60500,20439,147,31.969378749999997,50.0,0.01
0.015044551342725754,50.0,42.58001856191867,0.06,3049899,-4.882347106933594,-69.64198303222656,0.0003,33.20401294566691,1.47,0.0017065346473827958,3050000,44.38301660854755,,,,,,
,,,,,,,,,,,3050000,,61000,20606,148,32.082802029999996,50.0,0.0
0.0163993239402771,50.0,41.862078587812526,0.04,3074899,1.2454060316085815,-69.7946548461914,0.0003,32.25087797861546,1.1900000000000002,0.0016733086667954922,3075000,42.97571665383975,,,,,,
,,,,,,,,,,,3075000,,61500,20775,148,32.11104414,50.0,0.02
0.020221494138240814,50.0,42.97221298493456,0.09,3099899,-2.6461849212646484,-70.20207214355469,0.0003,33.19135167170316,2.12,0.0017110861372202635,3100000,43.836596831152654,,,,,,
,,,,,,,,,,,3100000,,62000,20943,148,32.47333763,50.0,0.04
0.016044244170188904,50.0,41.672797610478334,0.04,3124899,-1.3040043115615845,-70.24482727050781,0.0003,32.41646679066122,1.31,0.0017155002569779754,3125000,43.34153475957139,,,,,,
,,,,,,,,,,,3125000,,62500,21112,148,32.41150445,50.0,0.02
0.01684439554810524,50.0,41.764869918411925,0.05,3149899,0.18853649497032166,-69.98472595214844,0.0003,32.61046298131347,1.1400000000000001,0.001716925879009068,3150000,43.76849100584882,,,,,,
,,,,,,,,,,,3150000,,63000,21281,148,31.69553478,50.0,0.06
0.015863671898841858,50.0,42.571339330636995,0.06,3174899,-1.1693265438079834,-70.12855529785156,0.0003,32.801486537461166,2.26,0.0017615985125303268,3175000,43.18730341816849,,,,,,
,,,,,,,,,,,3175000,,63500,21450,148,32.60403144,50.0,0.05
0.01710936427116394,50.0,43.102114108136576,0.04,3199899,1.075040340423584,-70.017578125,0.0003,32.74194790651876,1.26,0.0017610610229894519,3200000,43.30283877622926,,,,,,
,,,,,,,,,,,3200000,,64000,21619,148,32.921182519999995,50.0,0.05
0.012385564856231213,50.0,41.70071265996911,0.05,3224899,-1.978025197982788,-70.31104278564453,0.0003,32.71510642341338,1.67,0.001706999377347529,3225000,43.744856515145514,,,,,,
,,,,,,,,,,,3225000,,64500,21787,148,32.928314099999994,50.0,0.07
0.016266442835330963,50.0,42.92253493175085,0.11,3249899,-3.102931499481201,-70.34577178955078,0.0003,33.70341407441534,3.1300000000000003,0.0017411508597433567,3250000,44.380560694424716,,,,,,
,,,,,,,,,,,3250000,,65000,21956,148,32.727421740000004,50.0,0.02
0.019389726221561432,50.0,42.91418351754604,0.13,3274899,-1.1018421649932861,-70.04246520996094,0.0003,33.890033212453126,3.3300000000000005,0.0017534467624500394,3275000,44.65797465823194,,,,,,
,,,,,,,,,,,3275000,,65500,22124,148,32.44517344,50.0,0.06
0.019175777211785316,50.0,41.55719319554838,0.08,3299899,-0.9381358623504639,-70.2071762084961,0.0003,32.57159641057253,2.67,0.0017306270310655236,3300000,43.02959622074719,,,,,,
,,,,,,,,,,,3300000,,66000,22293,148,32.51434351,50.0,0.09
0.014650402590632439,50.0,41.94564632687723,0.06,3324899,2.821603298187256,-69.73680877685547,0.0003,32.86292733073235,1.67,0.0017357227625325322,3325000,43.918031525112454,,,,,,
,,,,,,,,,,,3325000,,66500,22461,148,32.55522991,50.0,0.03
0.020818889141082764,50.0,42.67576805945982,0.12,3349899,-1.4459038972854614,-70.32078552246094,0.0003,33.68760608977173,3.4799999999999995,0.0017518621170893312,3350000,44.29732811897013,,,,,,
,,,,,,,,,,,3350000,,67000,22630,148,32.040328089999996,50.0,0.06
0.013561847619712353,50.0,41.94407333823578,0.05,3374899,-2.5450901985168457,-70.29959106445312,0.0003,32.520459274768946,1.16,0.0017947606975212693,3375000,43.488881820863554,,,,,,
,,,,,,,,,,,3375000,,67500,22797,148,32.96464656,50.0,0.04
0.018644900992512703,50.0,42.197511482655955,0.08,3399899,-3.092967987060547,-70.49562072753906,0.0003,33.07845996407326,2.41,0.001811935449950397,3400000,43.8531642063268,,,,,,
,,,,,,,,,,,3400000,,68000,22964,148,32.49050775999999,50.0,0.1
0.01685742661356926,50.0,41.76274092483107,0.11,3424899,1.8827791213989258,-70.57327270507812,0.0003,32.68600019713398,2.76,0.0018616109155118465,3425000,43.11062991732086,,,,,,
,,,,,,,,,,,3425000,,68500,23132,148,33.11415176,50.0,0.06
0.015127619728446007,50.0,42.59448776221619,0.1,3449899,-1.1274616718292236,-70.27088165283203,0.0003,33.04897278230637,2.75,0.0018250287976115942,3450000,43.42570170428189,,,,,,
,,,,,,,,,,,3450000,,69000,23298,148,32.56906879,50.0,0.04
0.015156961046159267,50.0,42.43094765375026,0.11,3474899,-3.8777217864990234,-70.08543395996094,0.0003,33.11118465927429,2.6,0.00184954225551337,3475000,43.706895528666756,,,,,,
,,,,,,,,,,,3475000,,69500,23465,148,32.87599647,50.0,0.04
0.019238604232668877,50.0,41.39738485272934,0.07,3499899,0.5636337399482727,-70.12382507324219,0.0003,32.85489172317088,2.44,0.0018174585420638323,3500000,43.79109102869076,,,,,,
,,,,,,,,,,,3500000,,70000,23633,148,32.927578350000005,50.0,0.05
0.02002454549074173,50.0,42.56910889615435,0.07,3524899,0.5734773874282837,-70.21958923339844,0.0003,33.38498460041359,2.12,0.0018930265214294195,3525000,44.425414732496506,,,,,,
,,,,,,,,,,,3525000,,70500,23800,148,31.96163051,50.0,0.04
0.02249205857515335,50.0,42.303844331931586,0.08,3549899,0.38339710235595703,-70.46343231201172,0.0003,33.33886125400662,2.01,0.0018886607140302658,3550000,44.52080036496795,,,,,,
,,,,,,,,,,,3550000,,71000,23967,148,32.691900229999995,50.0,0.08
0.016161760315299034,50.0,41.52049150169187,0.11,3574899,-0.46460628509521484,-70.64778900146484,0.0003,33.31537548020482,3.32,0.0018750311573967338,3575000,44.210505211136926,,,,,,
,,,,,,,,,,,3575000,,71500,24135,148,32.2206201,50.0,0.04
0.015623598359525204,50.0,41.59624757950616,0.06,3599899,-0.24845170974731445,-70.68838500976562,0.0003,32.538118345346305,1.83,0.0018930301303043962,3600000,43.36311292177107,,,,,,
,,,,,,,,,,,3600000,,72000,24303,148,33.2944247,50.0,0.08
0.021359451115131378,50.0,42.98315095080629,0.11,3624899,-0.27572357654571533,-70.52903747558594,0.0003,33.22851700991392,2.45,0.0019229876343160868,3625000,43.740458492397956,,,,,,
,,,,,,,,,,,3625000,,72500,24470,148,33.72461114,50.0,0.04
0.017323274165391922,50.0,42.35661911102346,0.14,3649899,0.4882909655570984,-70.80863189697266,0.0003,33.55419908208831,3.38,0.0018840329721570015,3650000,44.24008857642848,,,,,,
,,,,,,,,,,,3650000,,73000,24638,148,33.48085141000001,50.0,0.11
0.015808843076229095,50.0,42.06348545861611,0.1,3674899,-0.7930293679237366,-70.36207580566406,0.0003,32.732380683011144,2.44,0.0019145893165841699,3675000,43.213018663632276,,,,,,
,,,,,,,,,,,3675000,,73500,24805,148,32.51964973,50.0,0.03
0.017218537628650665,50.0,43.00909717117703,0.14,3699899,1.241931676864624,-70.62966918945312,0.0003,33.56239201166952,4.390000000000001,0.0019052743446081877,3700000,43.425235438374834,,,,,,
,,,,,,,,,,,3700000,,74000,24972,148,32.63712513,50.0,0.04
0.019578013569116592,50.0,42.74919392710593,0.11,3724899,-0.2854214906692505,-70.38906860351562,0.0003,33.941565855806694,4.130000000000001,0.0019727584440261126,3725000,44.443534763977716,,,,,,
,,,,,,,,,,,3725000,,74500,25139,148,32.403256250000005,50.0,0.06
0.014749250374734402,50.0,41.490665943286494,0.12,3749899,1.9100730419158936,-70.74665832519531,0.0003,33.10574713673443,2.48,0.0019743535667657852,3750000,44.226161288994284,,,,,,
,,,,,,,,,,,3750000,,75000,25307,148,32.798980470000004,50.0,0.02
0.016856472939252853,50.0,41.53005859481843,0.07,3774899,2.33282208442688,-70.32551574707031,0.0003,32.43378131568432,2.2399999999999998,0.0019104034872725606,3775000,42.982533342526786,,,,,,
,,,,,,,,,,,3775000,,75500,25474,148,32.38359567,50.0,0.07
0.02400161325931549,50.0,41.63402364193033,0.15,3799899,4.560125350952148,-70.36857604980469,0.0003,33.754668094757946,3.5700000000000003,0.001967325108125806,3800000,44.907324368650045,,,,,,
,,,,,,,,,,,3800000,,76000,25642,148,32.57066343,50.0,0.07
0.02578667551279068,50.0,42.79872283569415,0.11,3824899,0.8199416995048523,-70.84600830078125,0.0003,33.243037061374636,2.9899999999999998,0.0019867969676852226,3825000,43.59171273083415,,,,,,
,,,,,,,,,,,3825000,,76500,25812,148,33.09442741,50.0,0.06
0.01637975499033928,50.0,42.72429605933296,0.15,3849899,-0.8595192432403564,-71.28300476074219,0.0003,34.05488449297845,4.06,0.001942440285347402,3850000,44.71762100178576,,,,,,
,,,,,,,,,,,3850000,,77000,25981,148,32.6625295,50.0,0.09
0.020528577268123627,50.0,42.45176310190518,0.1,3874899,1.8453929424285889,-70.88513946533203,0.0003,33.5925912373513,3.0,0.002012902405112982,3875000,44.45930089234514,,,,,,
,,,,,,,,,,,3875000,,77500,26148,148,32.961906490000004,50.0,0.03
0.01889646425843239,50.0,41.54387740495659,0.12,3899899,0.4856160283088684,-71.3484878540039,0.0003,33.179597632586955,3.2800000000000002,0.002072070725262165,3900000,43.94725662126005,,,,,,
,,,,,,,,,,,3900000,,78000,26317,148,33.10704690000001,50.0,0.05
0.021084152162075043,50.0,42.18225875716158,0.09,3924899,2.3971104621887207,-70.96884155273438,0.0003,32.63232316547074,1.77,0.0020153659861534834,3925000,43.28851697543163,,,,,,
,,,,,,,,,,,3925000,,78500,26486,148,33.099691459999995,50.0,0.07
0.02228863537311554,50.0,42.71566789846906,0.14,3949899,2.4785752296447754,-70.51005554199219,0.0003,33.658871700577436,3.47,0.0020254808478057384,3950000,44.22490948542945,,,,,,
,,,,,,,,,,,3950000,,79000,26655,148,33.20020397,50.0,0.07
0.020109806209802628,50.0,43.38288642352152,0.16,3974899,1.4045984745025635,-70.75624084472656,0.0003,34.5908272318542,4.9799999999999995,0.002000195439904928,3975000,45.0002112462518,,,,,,
,,,,,,,,,,,3975000,,79500,26824,148,33.01419417,50.0,0.07
0.020204119384288788,50.0,42.171311086018605,0.04,3999899,0.246734619140625,-70.91053771972656,0.0003,32.501650982908906,1.17,0.002092499751597643,4000000,43.332646420989754,,,,,,
,,,,,,,,,,,4000000,,80000,26993,148,32.18344019,50.0,0.05
0.02275078371167183,50.0,41.773864203687786,0.09,4024899,-1.7136112451553345,-70.35978698730469,0.0003,33.17656996771693,2.8000000000000003,0.0020871981978416443,4025000,44.066207796681994,,,,,,
,,,,,,,,,,,4025000,,80500,27161,148,32.67451144,50.0,0.09
0.02313457429409027,50.0,42.02450751967086,0.09,4049899,0.22551116347312927,-70.84992218017578,0.0003,32.97372738983482,2.7199999999999998,0.002111992798745632,4050000,43.57520106326962,,,,,,
,,,,,,,,,,,4050000,,81000,27330,148,32.361204949999994,50.0,0.05
0.02273651398718357,50.0,41.71476141465894,0.11,4074899,1.2919062376022339,-71.07235717773438,0.0003,32.97799465515651,3.26,0.002093044575303793,4075000,43.46860859258926,,,,,,
,,,,,,,,,,,4075000,,81500,27500,148,33.40609836,50.0,0.08
0.023946065455675125,50.0,41.95704641429442,0.17,4099899,-1.2864322662353516,-70.9540786743164,0.0003,32.991757063465194,3.62,0.0021386416628956795,4100000,43.19499089605237,,,,,,
,,,,,,,,,,,4100000,,82000,27669,148,32.564903449999996,50.0,0.09
0.024373037740588188,50.0,41.85924325409407,0.17,4124899,1.2022428512573242,-70.95173645019531,0.0003,33.60562544465065,4.43,0.002133270027115941,4125000,44.06662926538242,,,,,,
,,,,,,,,,,,4125000,,82500,27837,148,32.72547417,50.0,0.1
0.022141143679618835,50.0,41.10839047162721,0.12,4149899,1.1587677001953125,-70.95740509033203,0.0003,33.14763927295804,3.06,0.002150491578504443,4150000,44.211083322983825,,,,,,
,,,,,,,,,,,4150000,,83000,28007,148,33.50886626,50.0,0.13
0.029023485258221626,50.0,42.24164189665511,0.18,4174899,-1.8884484767913818,-70.81938171386719,0.0003,33.62831515141297,5.1499999999999995,0.0021505109034478664,4175000,43.56080937410161,,,,,,
,,,,,,,,,,,4175000,,83500,28176,148,33.99549492999999,50.0,0.12
0.024043727666139603,50.0,42.82987000476435,0.08,4199899,1.4376695156097412,-71.35543823242188,0.0003,32.97987370541785,2.03,0.0021749434527009726,4200000,43.529812427127204,,,,,,
,,,,,,,,,,,4200000,,84000,28344,148,32.80449116,50.0,0.08
0.027880456298589706,50.0,42.78680237212078,0.16,4224899,1.6424415111541748,-71.11476135253906,0.0003,33.52297953244997,3.6900000000000004,0.002142495708540082,4225000,43.80755789014778,,,,,,
,,,,,,,,,,,4225000,,84500,28514,148,33.51773553,50.0,0.11
0.03261686861515045,50.0,43.087298434014755,0.25,4249899,1.5345633029937744,-71.00843811035156,0.0003,34.256789884821046,5.970000000000001,0.002128290245309472,4250000,43.984930582224166,,,,,,
,,,,,,,,,,,4250000,,85000,28682,148,32.64259222,50.0,0.08
0.022941548377275467,50.0,42.13723250327026,0.15,4274899,-3.487245798110962,-70.66162109375,0.0003,34.08931094162166,5.06,0.002187322126701474,4275000,44.580005649728385,,,,,,
,,,,,,,,,,,4275000,,85500,28851,148,32.41320205,50.0,0.04
0.01928159035742283,50.0,41.798679362604,0.2,4299899,0.9654588103294373,-70.81300354003906,0.0003,33.40068879191647,5.55,0.0021290292497724295,4300000,43.127037930906845,,,,,,
,,,,,,,,,,,4300000,,86000,29021,148,32.20559885,50.0,0.11
0.022966813296079636,50.0,42.132144185870274,0.17,4324899,-0.4469420313835144,-71.3009262084961,0.0003,33.76662282340229,4.46,0.00217759283259511,4325000,44.237173577481734,,,,,,
,,,,,,,,,,,4325000,,86500,29190,148,32.81892997,50.0,0.08
0.02137329988181591,50.0,41.95669027560655,0.17,4349899,4.641468048095703,-70.58805847167969,0.0003,33.613621891047806,5.27,0.0022406498901546,4350000,43.61389867144015,,,,,,
,,,,,,,,,,,4350000,,87000,29359,148,33.109426889999995,50.0,0.12
0.023926991969347,50.0,41.234122087184346,0.13,4374899,-2.3580079078674316,-70.77181243896484,0.0003,32.84314530141651,3.65,0.002240169094875455,4375000,43.24422955279722,,,,,,
,,,,,,,,,,,4375000,,87500,29522,148,32.22720210000001,50.0,0.05
0.03065696731209755,50.0,40.93477037824009,0.12,4399899,1.9870365858078003,-71.10037994384766,0.0003,32.53628987737,2.9899999999999998,0.0022370724473148584,4400000,43.110194526168705,,,,,,
,,,,,,,,,,,4400000,,88000,29692,148,32.452903709999994,50.0,0.07
0.025735381990671158,50.0,42.16630038393252,0.16,4424899,-1.394767165184021,-71.53152465820312,0.0003,33.64406287021935,3.73,0.0022787516936659813,4425000,44.3399755330623,,,,,,
,,,,,,,,,,,4425000,,88500,29861,148,32.794182379999995,50.0,0.07
0.022558128461241722,50.0,42.28820538409321,0.13,4449899,0.35539573431015015,-70.95177459716797,0.0003,33.205799552453755,3.56,0.002237317617982626,4450000,43.48749641122085,,,,,,
,,,,,,,,,,,4450000,,89000,30031,148,32.927575270000006,50.0,0.08
0.03153687343001366,50.0,41.98752279022725,0.09,4474899,1.3724617958068848,-71.24911499023438,0.0003,33.239811964174734,3.05,0.0022598919458687305,4475000,43.96086255418016,,,,,,
,,,,,,,,,,,4475000,,89500,30201,148,32.506200480000004,50.0,0.1
0.023608677089214325,50.0,42.13349183612734,0.14,4499899,0.7169599533081055,-70.79912567138672,0.0003,33.086425506174564,3.4799999999999995,0.0022979772184044123,4500000,43.36610511700921,,,,,,
