eval/mean_reward,eval/mean_ep_length,time/total_timesteps,eval/mean_pos_reward,train/n_updates,eval/mean_quat_reward,train/actor_loss,train/ent_coef_loss,eval/mean_bonus_reward,train/learning_rate,train/critic_loss,train/ent_coef,eval/success_rate,time/fps,rollout/ep_rew_mean,rollout/success_rate,time/time_elapsed,time/episodes,rollout/ep_len_mean
21.19869779121713,50.0,25000,19.847066202216958,24899,34.277690499658355,-63.828983306884766,0.7532908916473389,0.0,0.0003,0.06029685586690903,0.008318754844367504,0.0,,,,,,
,,25000,,,,,,,,,,,65,20.538495920000006,0.0,382,500,50.0
22.850972593408077,50.0,50000,23.859116213355275,49899,35.1885686369154,-63.61601257324219,1.95755934715271,0.0,0.0003,0.08366362750530243,0.008589218370616436,0.0,,,,,,
,,50000,,,,,,,,,,,63,22.3124471,0.0,784,1000,50.0
25.771189720234833,50.0,75000,28.997849315753065,74899,38.19282701485389,-61.3787841796875,2.128342628479004,0.0,0.0003,0.1090208888053894,0.007637497503310442,0.0,,,,,,
,,75000,,,,,,,,,,,63,23.730114510000003,0.0,1185,1500,50.0
25.28471150664147,50.0,100000,27.576312669948255,99899,38.09626011646428,-61.036231994628906,0.5753146409988403,0.0,0.0003,0.10021843016147614,0.007075113244354725,0.0,,,,,,
,,100000,,,,,,,,,,,63,24.472745950000007,0.0,1576,2000,50.0
26.13551036552759,50.0,125000,28.577522349369904,124899,39.3257934761136,-60.74707794189453,1.521655559539795,0.0,0.0003,0.08569563180208206,0.006659853737801313,0.0,,,,,,
,,125000,,,,,,,,,,,63,25.635228079999997,0.0,1967,2500,50.0
26.179032205864786,50.0,150000,28.989048381927013,149899,39.13132478197961,-59.922027587890625,0.5200668573379517,0.0,0.0003,0.0959179699420929,0.0062341950833797455,0.0,,,,,,
,,150000,,,,,,,,,,,63,25.53548718,0.0,2357,3000,50.0
27.20956066062674,50.0,175000,30.635030150887143,174899,40.31111710610968,-60.72351837158203,1.8447456359863281,0.0,0.0003,0.0900367870926857,0.005970788188278675,0.0,,,,,,
,,175000,,,,,,,,,,,63,25.88573722,0.0,2750,3500,50.0
27.386545072365553,50.0,200000,30.048857246334048,199899,41.13434784397957,-61.04225540161133,1.3058922290802002,0.0,0.0003,0.08452290296554565,0.005775750614702702,0.0,,,,,,
,,200000,,,,,,,,,,,63,27.425528309999994,0.0,3143,4000,50.0
27.87106191262137,50.0,225000,32.29672518229692,224899,40.63619495840026,-61.14256286621094,-0.867397665977478,0.0,0.0003,0.08028975874185562,0.005640370771288872,0.0,,,,,,
,,225000,,,,,,,,,,,63,28.111875800000004,0.0,3530,4500,50.0
27.861237579453736,50.0,250000,32.30958854700673,249899,40.60455126120567,-61.36745834350586,-1.6731832027435303,0.0,0.0003,0.090201236307621,0.0054811518639326096,0.0,,,,,,
,,250000,,,,,,,,,,,63,26.794940209999996,0.0,3916,5000,50.0
27.20654499663098,50.0,275000,31.12978852157604,274899,39.95082529356864,-61.37627410888672,2.9798049926757812,0.0,0.0003,0.09563356637954712,0.005193443037569523,0.0,,,,,,
,,275000,,,,,,,,,,,63,27.48355474,0.0,4300,5500,50.0
27.815827889470384,50.0,300000,32.45796091858184,299899,40.394777360694626,-61.302825927734375,-0.2029237151145935,0.0,0.0003,0.10488516092300415,0.005057013593614101,0.0,,,,,,
,,300000,,,,,,,,,,,63,27.58830563,0.0,4694,6000,50.0
28.570334042438773,50.0,325000,33.51111875101315,324899,41.36139299585998,-61.51570129394531,-2.0895135402679443,0.01,0.0003,0.09420912712812424,0.004893338307738304,0.0,,,,,,
,,325000,,,,,,,,,,,63,26.62715572,0.0,5084,6500,50.0
28.49374317618087,50.0,350000,33.652088445087465,349899,41.09134976884838,-61.82185363769531,-0.4159098267555237,0.0,0.0003,0.08657993376255035,0.004864898510277271,0.0,,,,,,
,,350000,,,,,,,,,,,63,28.80388933,0.0,5474,7000,50.0
28.324222426905763,50.0,375000,34.0272178743722,374899,40.43592424927406,-62.044837951660156,-0.2256774604320526,0.0,0.0003,0.09177280962467194,0.004608172923326492,0.0,,,,,,
,,375000,,,,,,,,,,,63,27.611413199999998,0.0,5864,7500,50.0
29.034655559565874,50.0,400000,34.688483788039946,399899,41.57601003992831,-62.89308166503906,1.2725294828414917,0.02,0.0003,0.0803578794002533,0.0044320086017251015,0.0,,,,,,
,,400000,,,,,,,,,,,63,29.274438040000003,0.0,6256,8000,50.0
28.68404902330367,50.0,425000,34.87845328669151,424899,40.65035967654016,-62.28516387939453,1.8463170528411865,0.0,0.0003,0.06932443380355835,0.004338601604104042,0.0,,,,,,
,,425000,,,,,,,,,,,63,29.09359442,0.0,6649,8500,50.0
29.044425242170693,50.0,450000,34.63564510160558,449899,41.60179690761046,-62.498779296875,-0.5839786529541016,0.08,0.0003,0.09114886820316315,0.004191534128040075,0.0,,,,,,
,,450000,,,,,,,,,,,63,28.91420759,0.0,7044,9000,50.0
29.259205128923057,50.0,475000,35.13017587516866,474899,41.779486130873075,-62.54351043701172,0.20066487789154053,0.01,0.0003,0.07729193568229675,0.0041829366236925125,0.0,,,,,,
,,475000,,,,,,,,,,,63,28.92309708,0.0,7433,9500,50.0
29.61135010727099,50.0,500000,35.348273918197265,499899,42.43431887103643,-63.11351776123047,-0.9193806648254395,0.0,0.0003,0.07632331550121307,0.004089783411473036,0.0,,,,,,
,,500000,,,,,,,,,,,63,28.38011535,0.0,7828,10000,50.0
29.635509403124452,50.0,525000,36.07815175578556,524899,41.9681988207039,-63.383026123046875,0.4180276393890381,0.0,0.0003,0.06474161148071289,0.004003565758466721,0.0,,,,,,
,,525000,,,,,,,,,,,63,28.730473939999996,0.0,8223,10500,50.0
29.28229208290577,50.0,550000,36.15437034767333,549899,41.106403087399194,-63.64521026611328,0.6264410018920898,0.0,0.0003,0.06296684592962265,0.0038132190238684416,0.0,,,,,,
,,550000,,,,,,,,,,,63,29.557026969999995,0.0,8606,11000,50.0
29.45215945744887,50.0,575000,35.73481706281915,574899,41.78863800753982,-63.52271270751953,1.642340898513794,0.01,0.0003,0.0789261907339096,0.003812517039477825,0.0,,,,,,
,,575000,,,,,,,,,,,63,28.91254673,0.0,8990,11500,50.0
29.59486751124263,50.0,600000,36.43765516632128,599899,41.61851491880045,-63.896522521972656,-1.3411004543304443,0.0,0.0003,0.06745219230651855,0.0037444732151925564,0.0,,,,,,
,,600000,,,,,,,,,,,63,29.31908829,0.0,9377,12000,50.0
29.32709149704315,50.0,625000,35.96821134671512,624899,41.34177246162014,-64.3402099609375,-2.3449978828430176,0.0,0.0003,0.0652729943394661,0.0036689420230686665,0.0,,,,,,
,,625000,,,,,,,,,,,63,29.32035552,0.0,9768,12500,50.0
29.815655064582824,50.0,650000,36.175120919205895,649899,42.29926809844119,-64.30368041992188,-2.805051803588867,0.02,0.0003,0.06171456724405289,0.003698622342199087,0.0,,,,,,
,,650000,,,,,,,,,,,63,29.5700829,0.0,10157,13000,50.0
30.169989471521404,50.0,675000,36.46289167147641,674899,42.80648187092822,-64.697021484375,-1.3693759441375732,0.19,0.0003,0.06057898700237274,0.0036134952679276466,0.01,,,,,,
,,675000,,,,,,,,,,,64,29.59871438,0.01,10546,13500,50.0
30.089190906845033,50.0,700000,36.94410678673029,699899,42.38664583003768,-64.50428771972656,-3.800515651702881,0.0,0.0003,0.07775717973709106,0.003617515554651618,0.0,,,,,,
,,700000,,,,,,,,,,,64,29.95990281,0.0,10935,14000,50.0
29.698241304773838,50.0,725000,36.65106711656808,724899,41.702360782683115,-64.7498550415039,-0.5958420038223267,0.0,0.0003,0.05098260939121246,0.0034955425653606653,0.0,,,,,,
,,725000,,,,,,,,,,,64,30.56574768,0.0,11325,14500,50.0
30.200631390064956,50.0,750000,37.66630175897001,749899,42.125513339001365,-64.7828369140625,0.3545353412628174,0.0,0.0003,0.06131215766072273,0.003385957796126604,0.0,,,,,,
,,750000,,,,,,,,,,,64,30.22015453,0.0,11715,15000,50.0
30.275382547937333,50.0,775000,37.71211655130348,774899,42.25793396252155,-65.3629379272461,-0.3200414180755615,0.01,0.0003,0.041510194540023804,0.0033192818518728018,0.0,,,,,,
,,775000,,,,,,,,,,,64,29.194302229999998,0.0,12106,15500,50.0
29.752912878398785,50.0,800000,36.43166532012346,799899,41.92118279181483,-65.21749114990234,-0.5617884397506714,0.11,0.0003,0.055084098130464554,0.003294292837381363,0.01,,,,,,
,,800000,,,,,,,,,,,63,29.9413271,0.0,12503,16000,50.0
30.070172543510562,50.0,825000,36.74228453252205,824899,42.350191122776046,-65.57337951660156,-1.8402286767959595,0.24,0.0003,0.048505425453186035,0.0032810941338539124,0.01,,,,,,
,,825000,,,,,,,,,,,64,30.037349149999997,0.0,12890,16500,50.0
30.894512490257622,50.0,850000,38.41467481969209,849899,43.17697512749422,-64.92669677734375,3.208749771118164,0.0,0.0003,0.06679441779851913,0.003260468365624547,0.0,,,,,,
,,850000,,,,,,,,,,,63,29.517598450000005,0.0,13281,17000,50.0
30.42248576673679,50.0,875000,38.254989443228844,874899,42.20068928862632,-65.06566619873047,1.8279329538345337,0.02,0.0003,0.06628003716468811,0.0031651128083467484,0.0,,,,,,
,,875000,,,,,,,,,,,63,30.15657134,0.0,13677,17500,50.0
30.354246237315238,50.0,900000,38.363700185320035,899899,41.97277691867892,-65.78965759277344,-0.48605453968048096,0.01,0.0003,0.05191756784915924,0.0031074821017682552,0.0,,,,,,
,,900000,,,,,,,,,,,63,29.273410079999998,0.0,14073,18000,50.0
30.64769854499842,50.0,925000,38.18660567933663,924899,42.77573544527876,-65.57186889648438,-2.184182643890381,0.0,0.0003,0.06365320086479187,0.0031404190231114626,0.0,,,,,,
,,925000,,,,,,,,,,,63,29.79357213,0.0,14470,18500,50.0
30.360872168801723,50.0,950000,37.26590580490934,949899,42.772060793152306,-65.52098083496094,-1.4172172546386719,0.01,0.0003,0.058590956032276154,0.0031723170541226864,0.0,,,,,,
,,950000,,,,,,,,,,,63,30.699904289999996,0.0,14862,19000,50.0
30.428024623245,50.0,975000,37.976810616818554,974899,42.42347726368643,-65.6563491821289,2.550485610961914,0.0,0.0003,0.0545707643032074,0.0031223248224705458,0.0,,,,,,
,,975000,,,,,,,,,,,63,29.83760937000001,0.0,15247,19500,50.0
30.48460788346827,50.0,1000000,37.04065700924927,999899,43.22149161471619,-66.12553405761719,0.6983562111854553,0.0,0.0003,0.05523012578487396,0.0030657597817480564,0.0,,,,,,
,,1000000,,,,,,,,,,,63,30.352575310000002,0.0,15642,20000,50.0
30.223107819794677,50.0,1025000,36.82331004033057,1024899,42.77902497895498,-65.70441436767578,-0.31037187576293945,0.0,0.0003,0.06648571789264679,0.0029515475034713745,0.0,,,,,,
,,1025000,,,,,,,,,,,63,30.149063239999997,0.0,16042,20500,50.0
29.86042205132544,50.0,1050000,36.51288534662404,1049899,42.143189455850134,-66.20718383789062,1.5025336742401123,0.05,0.0003,0.048603616654872894,0.002787424949929118,0.0,,,,,,
,,1050000,,,,,,,,,,,63,30.97707842,0.0,16442,21000,50.0
29.93895850495668,50.0,1075000,36.67084515999739,1074899,42.07844430296678,-66.37592315673828,1.0588527917861938,0.27999999999999997,0.0003,0.05477924644947052,0.0027332024183124304,0.01,,,,,,
,,1075000,,,,,,,,,,,63,29.810550849999995,0.0,16830,21500,50.0
30.236240762728265,50.0,1100000,37.50019773509056,1099899,42.15983765506533,-66.2397689819336,2.8304693698883057,0.29,0.0003,0.04917223006486893,0.002588764764368534,0.01,,,,,,
,,1100000,,,,,,,,,,,63,30.217080829999997,0.0,17219,22000,50.0
30.995285511091353,50.0,1125000,38.82451921701112,1124899,43.11456741995253,-67.2126235961914,-2.452016592025757,0.0,0.0003,0.04375455155968666,0.0025696330703794956,0.0,,,,,,
,,1125000,,,,,,,,,,,63,30.206619,0.0,17605,22500,50.0
31.330272609144448,50.0,1150000,38.87906075158274,1149899,43.82986539374823,-66.9456558227539,-1.2563151121139526,0.02,0.0003,0.03787732124328613,0.002478549024090171,0.0,,,,,,
,,1150000,,,,,,,,,,,63,30.38472797,0.0,17989,23000,50.0
31.099264259710907,50.0,1175000,38.17963336343432,1174899,43.795723064609156,-67.00401306152344,-0.11956119537353516,0.03,0.0003,0.04199046641588211,0.0024466877803206444,0.0,,,,,,
,,1175000,,,,,,,,,,,63,30.77477835,0.01,18368,23500,50.0
31.170051964313025,50.0,1200000,38.57649618279,1199899,43.66262150045586,-66.79000091552734,3.439082622528076,0.05,0.0003,0.05181817337870598,0.002410407643765211,0.0,,,,,,
,,1200000,,,,,,,,,,,64,30.53614251,0.0,18749,24000,50.0
31.264515591356904,50.0,1225000,39.128884884697705,1224899,43.203975064707755,-67.69699096679688,-3.0523407459259033,0.54,0.0003,0.03527136892080307,0.0024073317181319,0.02,,,,,,
,,1225000,,,,,,,,,,,64,30.516848260000003,0.0,19132,24500,50.0
30.536449974495916,50.0,1250000,38.37718487838299,1249899,42.37389649159484,-66.97852325439453,2.1861019134521484,0.02,0.0003,0.039110537618398666,0.002278166124597192,0.0,,,,,,
,,1250000,,,,,,,,,,,64,30.55139894,0.0,19521,25000,50.0
30.764445169549436,50.0,1275000,37.949854949217254,1274899,43.211692616348984,-67.46490478515625,1.2367236614227295,0.0,0.0003,0.041776303201913834,0.002245985670015216,0.0,,,,,,
,,1275000,,,,,,,,,,,64,31.14826278,0.0,19915,25500,50.0
31.18032691633329,50.0,1300000,38.941273104932975,1299899,43.38555214417765,-67.75520324707031,-2.5132226943969727,0.12,0.0003,0.03830884024500847,0.0022235491778701544,0.0,,,,,,
,,1300000,,,,,,,,,,,64,30.94556702,0.0,20311,26000,50.0
30.91503169220872,50.0,1325000,39.53207872982407,1324899,42.25430192935536,-67.48187255859375,1.5038098096847534,0.3,0.0003,0.03603319823741913,0.0022562150843441486,0.01,,,,,,
,,1325000,,,,,,,,,,,63,31.062807250000006,0.0,20705,26500,50.0
30.80112255740911,50.0,1350000,37.32612943689347,1349899,43.47247341508202,-68.05155944824219,-0.725531816482544,0.47000000000000003,0.0003,0.030679043382406235,0.002181046875193715,0.02,,,,,,
,,1350000,,,,,,,,,,,63,31.348349879999997,0.0,21099,27000,50.0
30.996008575884627,50.0,1375000,38.69107595241006,1374899,43.21153679401823,-67.26901245117188,2.1711530685424805,0.0,0.0003,0.03362853825092316,0.0022055006120353937,0.0,,,,,,
,,1375000,,,,,,,,,,,63,30.903424189999996,0.0,21487,27500,50.0
30.78010300114751,50.0,1400000,38.117372146652514,1399899,43.12211246175413,-67.5880355834961,1.6183645725250244,0.01,0.0003,0.03119518980383873,0.0021614287979900837,0.0,,,,,,
,,1400000,,,,,,,,,,,64,30.662042470000003,0.0,21870,28000,50.0
30.815593513399946,50.0,1425000,37.412577792858166,1424899,43.712372460309965,-68.0429916381836,-0.410470187664032,0.0,0.0003,0.026739004999399185,0.002175368834286928,0.0,,,,,,
,,1425000,,,,,,,,,,,64,31.022149149999997,0.01,22252,28500,50.0
31.063371539190413,50.0,1450000,38.98931270965918,1449899,43.15248301770124,-67.8847427368164,2.8317039012908936,0.0,0.0003,0.029849965125322342,0.00213204650208354,0.0,,,,,,
,,1450000,,,,,,,,,,,64,31.4784654,0.0,22631,29000,50.0
31.255949524436147,50.0,1475000,39.22393837412803,1474899,43.41935724680311,-68.1139144897461,-2.429140090942383,0.01,0.0003,0.025998486205935478,0.002094442257657647,0.0,,,,,,
,,1475000,,,,,,,,,,,64,30.693244809999996,0.0,23008,29500,50.0
30.822016459181906,50.0,1500000,38.6555940707724,1499899,42.83918467779462,-67.82414245605469,1.4125676155090332,0.0,0.0003,0.03451871499419212,0.0021049929782748222,0.0,,,,,,
,,1500000,,,,,,,,,,,64,30.98924751,0.0,23398,30000,50.0
30.73090314581059,50.0,1525000,38.32075812225641,1524899,42.87009425049246,-67.98532104492188,-3.167881727218628,0.0,0.0003,0.03086834028363228,0.002028602873906493,0.0,,,,,,
,,1525000,,,,,,,,,,,64,30.56088029,0.0,23766,30500,50.0
30.590894024473382,50.0,1550000,37.87492038814449,1549899,42.86281466769421,-67.84402465820312,1.6901264190673828,0.01,0.0003,0.026520991697907448,0.002051351126283407,0.0,,,,,,
,,1550000,,,,,,,,,,,64,30.707451880000004,0.0,24133,31000,50.0
31.35239406874869,50.0,1575000,39.06354953817582,1574899,43.76007958865125,-68.31474304199219,1.4791982173919678,0.0,0.0003,0.028376806527376175,0.0019873729906976223,0.0,,,,,,
,,1575000,,,,,,,,,,,64,31.00978054,0.0,24516,31500,50.0
31.475538194924592,50.0,1600000,39.8470139573362,1599899,43.47622011720756,-68.04020690917969,1.7917616367340088,0.01,0.0003,0.03095286153256893,0.0019330065697431564,0.0,,,,,,
,,1600000,,,,,,,,,,,64,31.147398,0.0,24901,32000,50.0
31.231533868946133,50.0,1625000,39.28839276890265,1624899,43.237511182494174,-68.4504623413086,-2.197610855102539,0.15,0.0003,0.025073664262890816,0.0019440053729340434,0.01,,,,,,
,,1625000,,,,,,,,,,,64,30.62533653,0.01,25283,32500,50.0
31.01450309900567,50.0,1650000,38.92385230358031,1649899,43.08754112969645,-68.49949645996094,-1.4826546907424927,0.0,0.0003,0.024616356939077377,0.001989026553928852,0.0,,,,,,
,,1650000,,,,,,,,,,,64,30.636138010000003,0.01,25667,33000,50.0
30.112265066737308,50.0,1675000,36.998995413886426,1674899,42.26303774654793,-68.24302673339844,-1.5545505285263062,0.24,0.0003,0.022755291312932968,0.0019522721413522959,0.0,,,,,,
,,1675000,,,,,,,,,,,64,31.391392420000003,0.01,26049,33500,50.0
31.36773709639907,50.0,1700000,40.210985583990364,1699899,42.90698080522441,-68.4199447631836,0.1152263879776001,0.12,0.0003,0.026196788996458054,0.0019306428730487823,0.01,,,,,,
,,1700000,,,,,,,,,,,64,30.814892379999993,0.0,26424,34000,50.0
30.71214866051978,50.0,1725000,37.62884193431299,1724899,43.20716701845267,-68.29122924804688,1.8161728382110596,0.2,0.0003,0.02525629848241806,0.0019028729293495417,0.01,,,,,,
,,1725000,,,,,,,,,,,64,31.64564477,0.0,26801,34500,50.0
31.32776044193655,50.0,1750000,39.30356700822708,1749899,43.53233315890259,-68.10318756103516,5.2533111572265625,0.0,0.0003,0.03417110815644264,0.001861626049503684,0.0,,,,,,
,,1750000,,,,,,,,,,,64,31.52260918,0.0,27185,35000,50.0
31.390421804711224,50.0,1775000,39.544500259372214,1774899,43.38346389170365,-68.78229522705078,-4.801468849182129,0.21,0.0003,0.02691854164004326,0.00186283013317734,0.01,,,,,,
,,1775000,,,,,,,,,,,64,31.05758085,0.01,27568,35500,50.0
31.57354011133313,50.0,1800000,39.18252030070652,1799899,44.1805771718294,-68.7911376953125,-3.5826492309570312,0.0,0.0003,0.024052999913692474,0.0018902247538790107,0.0,,,,,,
,,1800000,,,,,,,,,,,64,31.09155053,0.0,27942,36000,50.0
31.157875236421823,50.0,1825000,39.332520093848885,1824899,43.06048615011403,-68.31816101074219,-0.9577378034591675,0.11,0.0003,0.023848220705986023,0.0018799130339175463,0.01,,,,,,
,,1825000,,,,,,,,,,,64,31.28586046,0.01,28323,36500,50.0
31.717992921695114,50.0,1850000,39.72144195255867,1849899,43.97152530041416,-68.77039337158203,-2.9751930236816406,0.27,0.0003,0.030090374872088432,0.001874394714832306,0.01,,,,,,
,,1850000,,,,,,,,,,,64,31.241217380000002,0.01,28703,37000,50.0
31.694688811628147,50.0,1875000,39.98186454486965,1874899,43.81795688095326,-68.35472869873047,1.0858877897262573,0.12,0.0003,0.031610604375600815,0.0018374186474829912,0.01,,,,,,
,,1875000,,,,,,,,,,,64,31.22985307,0.0,29089,37500,50.0
30.151123885754497,50.0,1900000,38.87612673372545,1899899,41.14819260712648,-68.68742370605469,-0.46751976013183594,0.0,0.0003,0.022268453612923622,0.0018345600692555308,0.0,,,,,,
,,1900000,,,,,,,,,,,64,31.20959753,0.0,29476,38000,50.0
31.347747798003255,50.0,1925000,39.49395363273007,1924899,43.34488526965533,-68.61441802978516,-4.06376838684082,0.16999999999999998,0.0003,0.020581776276230812,0.001858133589848876,0.0,,,,,,
,,1925000,,,,,,,,,,,64,30.456451930000004,0.0,29863,38500,50.0
31.468511454235994,50.0,1950000,39.77200180181827,1949899,43.51945345709845,-68.3927001953125,2.8827311992645264,0.0,0.0003,0.028228316456079483,0.0018589665414765477,0.0,,,,,,
,,1950000,,,,,,,,,,,64,30.605523830000003,0.0,30242,39000,50.0
31.74321134828031,50.0,1975000,40.03840749385841,1974899,43.945620616130185,-69.16866302490234,-7.154296875,0.02,0.0003,0.020428698509931564,0.001832125592045486,0.0,,,,,,
,,1975000,,,,,,,,,,,64,30.686565740000002,0.0,30625,39500,50.0
31.200835881922394,50.0,2000000,38.91504495838221,1999899,43.50830708078494,-68.25888061523438,3.596330165863037,0.02,0.0003,0.02456321194767952,0.0018800070974975824,0.0,,,,,,
,,2000000,,,,,,,,,,,64,31.61030723,0.0,31014,40000,50.0
30.842614447977393,50.0,2025000,38.57297038291897,2024899,42.933854199094725,-68.53496551513672,2.1529481410980225,0.02,0.0003,0.025226261466741562,0.0017902057152241468,0.0,,,,,,
,,2025000,,,,,,,,,,,64,31.523698649999996,0.0,31391,40500,50.0
31.818988270368425,50.0,2050000,39.787121089911885,2049899,44.00117240873809,-68.51416015625,0.6143882274627686,0.54,0.0003,0.030596721917390823,0.001856127753853798,0.04,,,,,,
,,2050000,,,,,,,,,,,64,31.3587979,0.01,31766,41000,50.0
31.822625337578355,50.0,2075000,40.05996979057806,2074899,44.11745091491059,-68.85010528564453,2.262113094329834,0.01,0.0003,0.028918679803609848,0.0018590465188026428,0.0,,,,,,
,,2075000,,,,,,,,,,,64,31.187018509999998,0.0,32143,41500,50.0
31.16002711482346,50.0,2100000,39.154760214083694,2099899,43.11237616032903,-68.66346740722656,-1.6221022605895996,0.25,0.0003,0.025951877236366272,0.001865774393081665,0.01,,,,,,
,,2100000,,,,,,,,,,,64,31.447186579999997,0.0,32520,42000,50.0
31.948132104873658,50.0,2125000,40.42561138240605,2124899,44.14886522087383,-69.12495422363281,-3.344038724899292,0.0,0.0003,0.023165956139564514,0.0018551279790699482,0.0,,,,,,
,,2125000,,,,,,,,,,,64,31.180063110000003,0.0,32901,42500,50.0
31.270122275054455,50.0,2150000,39.518656936319005,2149899,43.15552452207796,-68.9599609375,1.082988977432251,0.16,0.0003,0.01893417164683342,0.0018562907353043556,0.01,,,,,,
,,2150000,,,,,,,,,,,64,30.931494669999992,0.0,33288,43000,50.0
30.767922105235048,50.0,2175000,38.60847731457281,2174899,42.73776674956642,-69.1014404296875,-1.0217537879943848,0.02,0.0003,0.024066261947155,0.0018306663259863853,0.0,,,,,,
,,2175000,,,,,,,,,,,64,31.49384024,0.0,33668,43500,50.0
31.334326311508192,50.0,2200000,39.43163779035934,2199899,43.41014742467843,-69.03593444824219,0.6000852584838867,0.08,0.0003,0.02067987620830536,0.001851879060268402,0.01,,,,,,
,,2200000,,,,,,,,,,,64,31.901537069999996,0.0,34045,44000,50.0
32.17198714748025,50.0,2225000,40.17339588354357,2224899,44.4978307222751,-69.03144836425781,0.9358514547348022,0.6,0.0003,0.022216323763132095,0.0017895862692967057,0.02,,,,,,
,,2225000,,,,,,,,,,,64,31.415571430000004,0.02,34419,44500,50.0
31.799054857045412,50.0,2250000,40.60581174948376,2249899,43.65654554854464,-69.018310546875,0.9619467854499817,0.04,0.0003,0.0225693266838789,0.0018157496815547347,0.0,,,,,,
,,2250000,,,,,,,,,,,64,31.731610709999995,0.01,34786,45000,50.0
31.019070061296226,50.0,2275000,38.769841172515655,2274899,43.202273587677176,-69.0994644165039,-0.24655938148498535,0.01,0.0003,0.017299946397542953,0.0017422903329133987,0.0,,,,,,
,,2275000,,,,,,,,,,,64,31.59861294,0.0,35172,45500,50.0
32.084414872154596,50.0,2300000,40.30723216728912,2299899,44.413496758775715,-69.01439666748047,1.6102986335754395,0.22999999999999998,0.0003,0.022985927760601044,0.0017947879387065768,0.0,,,,,,
,,2300000,,,,,,,,,,,64,31.435950340000005,0.0,35561,46000,50.0
31.80894637038931,50.0,2325000,40.60150348352135,2324899,43.70508924039519,-69.09992218017578,2.248645782470703,0.0,0.0003,0.027237053960561752,0.0018248418346047401,0.0,,,,,,
,,2325000,,,,,,,,,,,64,31.677390240000005,0.0,35940,46500,50.0
31.408753740340472,50.0,2350000,40.0323140589808,2349899,43.002641337479474,-69.25202941894531,-0.613848865032196,0.33999999999999997,0.0003,0.0278011541813612,0.0017787705874070525,0.01,,,,,,
,,2350000,,,,,,,,,,,64,31.39520802,0.0,36313,47000,50.0
32.448387391343715,50.0,2375000,40.89342810734454,2374899,44.929579709718595,-68.85655212402344,0.20476579666137695,0.05,0.0003,0.01740243285894394,0.0017701552715152502,0.0,,,,,,
,,2375000,,,,,,,,,,,64,31.657053500000004,0.0,36698,47500,50.0
31.749688050970434,50.0,2400000,40.139335976840684,2399899,43.88833272579619,-69.14396667480469,-3.4780025482177734,0.02,0.0003,0.018008150160312653,0.0017470789607614279,0.0,,,,,,
,,2400000,,,,,,,,,,,64,31.59906861999999,0.01,37073,48000,50.0
31.926442512273788,50.0,2425000,40.437284144111224,2424899,43.988094254637986,-69.00552368164062,-1.5636472702026367,0.18,0.0003,0.021574310958385468,0.001746180234476924,0.01,,,,,,
,,2425000,,,,,,,,,,,64,31.598302339999996,0.0,37443,48500,50.0
31.003074806667865,50.0,2450000,40.237352835900786,2449899,42.10606186906385,-68.92477416992188,3.8540024757385254,0.03,0.0003,0.02257426828145981,0.0017292065313085914,0.0,,,,,,
,,2450000,,,,,,,,,,,64,31.652326260000006,0.0,37829,49000,50.0
31.548387748764362,50.0,2475000,39.77419096847112,2474899,43.551892732310954,-69.14312744140625,1.2464399337768555,0.26,0.0003,0.026734093204140663,0.0017458222573623061,0.0,,,,,,
,,2475000,,,,,,,,,,,64,31.37347405,0.0,38213,49500,50.0
31.212539465816224,50.0,2500000,38.93027090548111,2499899,43.51275386782001,-69.15950012207031,-4.80708646774292,0.04,0.0003,0.016673818230628967,0.0017570825293660164,0.0,,,,,,
,,2500000,,,,,,,,,,,64,31.98442202,0.0,38594,50000,50.0
31.751255405656995,50.0,2525000,40.55260893422883,2524899,43.52243456320268,-69.28091430664062,-0.20864927768707275,0.15,0.0003,0.01852390170097351,0.0017841348890215158,0.01,,,,,,
,,2525000,,,,,,,,,,,64,31.583317960000002,0.0,38971,50500,50.0
31.485718462839724,50.0,2550000,39.462176606034646,2549899,43.78008749964082,-69.07228088378906,-1.164236307144165,0.0,0.0003,0.020695922896265984,0.001752507989294827,0.0,,,,,,
,,2550000,,,,,,,,,,,64,31.335473670000006,0.0,39360,51000,50.0
31.7441860794276,50.0,2575000,39.645112308093644,2574899,43.994487934550286,-69.12950134277344,0.423911452293396,0.43,0.0003,0.019749855622649193,0.0017306311056017876,0.01,,,,,,
,,2575000,,,,,,,,,,,64,31.239831929999994,0.01,39745,51500,50.0
31.938622729554773,50.0,2600000,40.51823483966604,2599899,44.03811281346668,-69.29180908203125,-0.42202043533325195,0.04,0.0003,0.020067842677235603,0.0017410023137927055,0.0,,,,,,
,,2600000,,,,,,,,,,,64,31.29732981,0.0,40129,52000,50.0
31.975662273317575,50.0,2625000,40.26839046167236,2624899,44.13552059005606,-68.97595977783203,4.346947193145752,0.33,0.0003,0.02571883425116539,0.0017156802350655198,0.01,,,,,,
,,2625000,,,,,,,,,,,64,32.0942454,0.0,40511,52500,50.0
32.55413976445794,50.0,2650000,41.31168576472302,2649899,44.89540105217517,-69.31358337402344,0.23794305324554443,0.01,0.0003,0.016001101583242416,0.0017142515862360597,0.0,,,,,,
,,2650000,,,,,,,,,,,64,31.556321340000007,0.0,40896,53000,50.0
31.915059771183877,50.0,2675000,40.19614380874461,2674899,44.23717671094992,-69.45886993408203,-3.063537120819092,0.0,0.0003,0.0164744071662426,0.001707614865154028,0.0,,,,,,
,,2675000,,,,,,,,,,,64,31.532211550000003,0.0,41283,53500,50.0
31.88905085207196,50.0,2700000,40.93052392499905,2699899,43.62459914056178,-69.4960708618164,-0.11447334289550781,0.05,0.0003,0.01882559433579445,0.0016620857641100883,0.0,,,,,,
,,2700000,,,,,,,,,,,64,31.6799747,0.0,41673,54000,50.0
32.07295389905572,50.0,2725000,40.838353479678304,2724899,44.09364213097215,-69.31775665283203,0.9505213499069214,0.08,0.0003,0.01935434527695179,0.0017484999261796474,0.0,,,,,,
,,2725000,,,,,,,,,,,64,31.43017055,0.01,42056,54500,50.0
31.631914630411192,50.0,2750000,40.50001156822798,2749899,43.10436806906047,-69.35487365722656,3.2631773948669434,0.47000000000000003,0.0003,0.018311623483896255,0.0017661588499322534,0.03,,,,,,
,,2750000,,,,,,,,,,,64,32.0022261,0.0,42446,55000,50.0
31.801286775544284,50.0,2775000,40.566510336114995,2774899,43.701148075331744,-69.33787536621094,0.8851583003997803,0.02,0.0003,0.022200442850589752,0.0017124500591307878,0.0,,,,,,
,,2775000,,,,,,,,,,,64,31.73369611,0.01,42833,55500,50.0
31.869782712049783,50.0,2800000,40.90939084311799,2799899,43.44708130416607,-69.28498840332031,-5.41400146484375,0.31,0.0003,0.024966511875391006,0.0017628370551392436,0.01,,,,,,
,,2800000,,,,,,,,,,,64,31.785922179999996,0.0,43227,56000,50.0
31.674116876074912,50.0,2825000,39.87165755488145,2824899,43.90108319765023,-69.7074203491211,0.10453987121582031,0.03,0.0003,0.018135014921426773,0.0017067029839381576,0.0,,,,,,
,,2825000,,,,,,,,,,,64,32.01283974,0.0,43616,56500,50.0
31.624408616004512,50.0,2850000,40.446851838997624,2849899,43.09661123577994,-69.36912536621094,-0.31102049350738525,0.52,0.0003,0.017002735286951065,0.0017119006952270865,0.01,,,,,,
,,2850000,,,,,,,,,,,64,31.306507979999996,0.0,44002,57000,50.0
31.89108212473104,50.0,2875000,40.41862428151387,2874899,43.97202752531978,-69.68428039550781,0.53505939245224,0.09,0.0003,0.016629226505756378,0.0017591239884495735,0.0,,,,,,
,,2875000,,,,,,,,,,,64,31.773479789999996,0.0,44387,57500,50.0
31.639335154667496,50.0,2900000,40.30549466473759,2899899,43.403126992203745,-69.26416778564453,2.1526684761047363,0.22,0.0003,0.013988856226205826,0.0017462976975366473,0.0,,,,,,
,,2900000,,,,,,,,,,,64,31.607510949999995,0.01,44772,58000,50.0
31.600652256533504,50.0,2925000,41.06940576798002,2924899,42.77477247774561,-69.46638488769531,-2.479745388031006,0.21,0.0003,0.01689714565873146,0.0017600217834115028,0.01,,,,,,
,,2925000,,,,,,,,,,,64,31.62571771,0.0,45157,58500,50.0
32.532960615083574,50.0,2950000,41.29127080732092,2949899,44.41585939327482,-69.3940658569336,-1.7696819305419922,0.79,0.0003,0.021157151088118553,0.001700571388937533,0.03,,,,,,
,,2950000,,,,,,,,,,,64,32.38038935,0.01,45543,59000,50.0
31.947198830768468,50.0,2975000,40.80907334268829,2974899,43.855687756086766,-69.34092712402344,1.2879586219787598,0.03,0.0003,0.023160237818956375,0.0017137530958279967,0.0,,,,,,
,,2975000,,,,,,,,,,,64,31.792265199999996,0.01,45938,59500,50.0
32.4319801607728,50.0,3000000,41.542772389254004,2999899,44.445402926085826,-69.35270690917969,4.167707920074463,0.02,0.0003,0.020370926707983017,0.001707038376480341,0.0,,,,,,
,,3000000,,,,,,,,,,,64,32.07287569,0.0,46325,60000,50.0
31.851890588328242,50.0,3025000,40.46398085597154,3024899,43.867192184729575,-69.41372680664062,3.0590286254882812,0.06,0.0003,0.022195983678102493,0.0016965322429314256,0.0,,,,,,
,,3025000,,,,,,,,,,,64,32.02431028,0.0,46713,60500,50.0
32.15807287918229,50.0,3050000,41.080038103690114,3049899,43.9555679233421,-69.73150634765625,-2.4058446884155273,0.36,0.0003,0.017908848822116852,0.0017245589988306165,0.01,,,,,,
,,3050000,,,,,,,,,,,64,31.975118889999997,0.01,47103,61000,50.0
31.621572883799672,50.0,3075000,39.905634467057624,3074899,43.74528479846198,-69.66204071044922,0.007507443428039551,0.05,0.0003,0.018110904842615128,0.0017298110760748386,0.0,,,,,,
,,3075000,,,,,,,,,,,64,31.926128700000007,0.0,47485,61500,50.0
32.629459434747695,50.0,3100000,41.918386793235015,3099899,44.54277387563749,-69.70463562011719,0.12607240676879883,0.16999999999999998,0.0003,0.015745511278510094,0.0017500128597021103,0.0,,,,,,
,,3100000,,,,,,,,,,,64,31.71005269,0.01,47869,62000,50.0
31.638537214123645,50.0,3125000,40.16207810370787,3124899,43.612314991136955,-69.8713150024414,0.2188718318939209,0.03,0.0003,0.016605302691459656,0.0017228452488780022,0.0,,,,,,
,,3125000,,,,,,,,,,,64,31.80342373,0.01,48251,62500,50.0
31.47535709924996,50.0,3150000,40.26887619825178,3149899,43.145904645313564,-70.17103576660156,-4.3010172843933105,0.06,0.0003,0.01526446919888258,0.0017724568024277687,0.0,,,,,,
,,3150000,,,,,,,,,,,64,31.736802060000006,0.01,48633,63000,50.0
32.25246333645133,50.0,3175000,40.85814442624828,3174899,44.152670195577706,-70.09620666503906,-2.8599390983581543,0.67,0.0003,0.018126558512449265,0.0017297911690548062,0.02,,,,,,
,,3175000,,,,,,,,,,,64,31.842091260000004,0.0,49007,63500,50.0
32.26024658109993,50.0,3200000,41.49472980856382,3199899,43.841470912692266,-69.77113342285156,0.28685861825942993,0.44999999999999996,0.0003,0.01978655718266964,0.0016691312193870544,0.01,,,,,,
,,3200000,,,,,,,,,,,64,32.16476702,0.02,49376,64000,50.0
31.677558303633706,50.0,3225000,40.050029297486226,3224899,43.49582666894961,-69.85193634033203,1.9825255870819092,0.53,0.0003,0.016173016279935837,0.001695025828666985,0.02,,,,,,
,,3225000,,,,,,,,,,,64,31.534946859999994,0.0,49758,64500,50.0
31.67443233724218,50.0,3250000,39.47820323511454,3249899,43.59427159298582,-69.83999633789062,-0.0930168628692627,1.06,0.0003,0.019180778414011,0.0016942305956035852,0.03,,,,,,
,,3250000,,,,,,,,,,,64,31.885336949999996,0.0,50139,65000,50.0
32.110457281544804,50.0,3275000,40.677650159881445,3274899,44.25415228853095,-70.04803466796875,-0.6045169830322266,0.15,0.0003,0.018496138975024223,0.0017297606682404876,0.0,,,,,,
,,3275000,,,,,,,,,,,64,31.636286610000006,0.01,50524,65500,50.0
32.45270875558257,50.0,3300000,41.558173771685105,3299899,44.07606727439601,-69.75811767578125,2.5156383514404297,0.73,0.0003,0.017467550933361053,0.00166569952853024,0.03,,,,,,
,,3300000,,,,,,,,,,,64,31.87718055,0.0,50895,66000,50.0
31.91804768010974,50.0,3325000,40.847116248774554,3324899,43.74474025770149,-69.81307983398438,-2.649350166320801,0.06,0.0003,0.019711676985025406,0.0017256858991459012,0.0,,,,,,
,,3325000,,,,,,,,,,,64,32.082442889999996,0.0,51267,66500,50.0
31.767028244957327,50.0,3350000,40.98023409762677,3349899,43.33875446534299,-70.0494155883789,-4.679520606994629,0.0,0.0003,0.01908624917268753,0.0017449408769607544,0.0,,,,,,
,,3350000,,,,,,,,,,,64,31.982790710000003,0.0,51638,67000,50.0
32.53689654506743,50.0,3375000,41.73912741871443,3374899,44.32781536748958,-69.68726348876953,1.89222252368927,0.4,0.0003,0.027896396815776825,0.001723868423141539,0.0,,,,,,
,,3375000,,,,,,,,,,,64,31.87020286,0.0,52025,67500,50.0
32.24739432152361,50.0,3400000,41.12562959175283,3399899,44.087165869524384,-69.73735809326172,-1.2619209289550781,0.43,0.0003,0.015321018174290657,0.0017277814913541079,0.02,,,,,,
,,3400000,,,,,,,,,,,64,31.701825829999997,0.01,52417,68000,50.0
31.88106731247157,50.0,3425000,40.07498683857948,3424899,44.06887753083868,-69.6714859008789,0.9442456960678101,0.31,0.0003,0.026839129626750946,0.0017066444270312786,0.01,,,,,,
,,3425000,,,,,,,,,,,64,31.647417569999998,0.0,52811,68500,50.0
32.45372710667551,50.0,3450000,41.201035730711496,3449899,44.52777928179424,-69.74798583984375,-0.4989991784095764,0.38999999999999996,0.0003,0.024329986423254013,0.0017171230865642428,0.01,,,,,,
,,3450000,,,,,,,,,,,64,31.801285980000003,0.0,53192,69000,50.0
32.0965863122046,50.0,3475000,41.2580737970735,3474899,43.613573109858706,-69.65533447265625,0.9970479011535645,0.49,0.0003,0.020819198340177536,0.001767474808730185,0.02,,,,,,
,,3475000,,,,,,,,,,,64,31.122257799999996,0.0,53563,69500,50.0
31.957030219137668,50.0,3500000,40.415205806932875,3499899,44.09092204879816,-69.97157287597656,-0.19960665702819824,0.15,0.0003,0.026136642321944237,0.0017336821183562279,0.01,,,,,,
,,3500000,,,,,,,,,,,64,31.272801889999997,0.01,53934,70000,50.0
32.49750312648714,50.0,3525000,41.13476736748337,3524899,44.258030456822475,-69.87350463867188,0.5831599235534668,1.1199999999999999,0.0003,0.01851838082075119,0.001729868701659143,0.04,,,,,,
,,3525000,,,,,,,,,,,64,31.17396428,0.0,54318,70500,50.0
32.301437784135345,50.0,3550000,41.125963028061925,3549899,44.38759854989821,-69.86669921875,3.0979537963867188,0.12,0.0003,0.018576636910438538,0.001742193941026926,0.01,,,,,,
,,3550000,,,,,,,,,,,64,32.18150443,0.0,54702,71000,50.0
31.753449785113336,50.0,3575000,40.59643624365223,3574899,43.4847164799444,-69.66072845458984,2.098597288131714,0.16999999999999998,0.0003,0.018878063187003136,0.0017609543865546584,0.01,,,,,,
,,3575000,,,,,,,,,,,64,32.00833288,0.0,55094,71500,50.0
32.44175217829645,50.0,3600000,41.26672561982474,3599899,44.49348667460965,-69.86865234375,1.34839928150177,0.32,0.0003,0.019647929817438126,0.0017519390676170588,0.01,,,,,,
,,3600000,,,,,,,,,,,64,32.014256280000005,0.0,55482,72000,50.0
31.154257744243367,50.0,3625000,39.91182419377691,3624899,42.541286095512625,-69.55636596679688,2.581218719482422,0.27999999999999997,0.0003,0.02650226280093193,0.001820894656702876,0.01,,,,,,
,,3625000,,,,,,,,,,,64,31.559223949999996,0.01,55860,72500,50.0
32.04254495717585,50.0,3650000,41.334025090096766,3649899,43.67008487558507,-69.9281234741211,-0.40138402581214905,0.08,0.0003,0.023851731792092323,0.0017510763136669993,0.0,,,,,,
,,3650000,,,,,,,,,,,64,31.852601590000003,0.0,56247,73000,50.0
31.685889554272872,50.0,3675000,39.50621080331284,3674899,44.149025560480545,-69.33787536621094,6.15777063369751,0.1,0.0003,0.020333919674158096,0.0017666600178927183,0.0,,,,,,
,,3675000,,,,,,,,,,,64,31.964620970000002,0.0,56636,73500,50.0
32.27478928007186,50.0,3700000,41.68106216298843,3699899,43.93590250734347,-69.81658935546875,-0.23275595903396606,0.11,0.0003,0.020477797836065292,0.0017952510388568044,0.0,,,,,,
,,3700000,,,,,,,,,,,64,32.27387649,0.0,57027,74000,50.0
32.471017981078475,50.0,3725000,41.093054823980985,3724899,44.53585910138183,-69.87156677246094,-0.07380127906799316,0.58,0.0003,0.01741008087992668,0.0016904418589547276,0.02,,,,,,
,,3725000,,,,,,,,,,,64,32.30406163,0.01,57415,74500,50.0
32.336989024803046,50.0,3750000,40.08711301403954,3749899,45.02232276156617,-69.58650207519531,-0.4007297158241272,0.44999999999999996,0.0003,0.018709935247898102,0.0016785478219389915,0.02,,,,,,
,,3750000,,,,,,,,,,,64,32.19488906,0.0,57807,75000,50.0
32.69301508884877,50.0,3775000,41.70358831028394,3774899,44.6014714137841,-69.72151184082031,3.024312973022461,0.59,0.0003,0.017391279339790344,0.001767261535860598,0.02,,,,,,
,,3775000,,,,,,,,,,,64,31.723843730000002,0.0,58197,75500,50.0
31.62300617106259,50.0,3800000,40.59157415744493,3799899,43.27574681732052,-69.80229949951172,0.7976858615875244,0.02,0.0003,0.016243353486061096,0.001740415464155376,0.0,,,,,,
,,3800000,,,,,,,,,,,64,31.215469549999998,0.0,58575,76000,50.0
32.15424606002867,50.0,3825000,40.44010017688484,3824899,44.57534799121326,-69.94151306152344,6.034668922424316,0.06,0.0003,0.018586572259664536,0.0017806664109230042,0.0,,,,,,
,,3825000,,,,,,,,,,,64,31.878410340000002,0.0,58950,76500,50.0
32.21103468168527,50.0,3850000,41.07469229184446,3849899,43.766156199847636,-69.77052307128906,1.8062714338302612,0.91,0.0003,0.03141846880316734,0.0017455234192311764,0.03,,,,,,
,,3850000,,,,,,,,,,,64,31.640227760000002,0.0,59326,77000,50.0
31.654745840858666,50.0,3875000,40.70898508548322,3874899,43.270144020571806,-69.53821563720703,1.785313367843628,0.01,0.0003,0.020645631477236748,0.0017461393726989627,0.0,,,,,,
,,3875000,,,,,,,,,,,64,32.08841713,0.03,59698,77500,50.0
31.96648850530386,50.0,3900000,40.77487989764097,3899899,43.878488092962854,-69.76758575439453,3.09529447555542,0.11,0.0003,0.018755294382572174,0.0017759822076186538,0.01,,,,,,
,,3900000,,,,,,,,,,,64,31.607686200000003,0.0,60072,78000,50.0
31.705806533957364,50.0,3925000,39.85917730875732,3924899,43.71385968777104,-69.95858001708984,4.139819145202637,0.5,0.0003,0.020010147243738174,0.0018184668151661754,0.01,,,,,,
,,3925000,,,,,,,,,,,64,31.518535389999997,0.0,60462,78500,50.0
32.10648387398571,50.0,3950000,41.233251236147204,3949899,43.819640781911424,-70.01423645019531,-1.6733753681182861,0.2,0.0003,0.019744832068681717,0.001767741166986525,0.01,,,,,,
,,3950000,,,,,,,,,,,64,31.61335014000001,0.01,60840,79000,50.0
32.108591859564186,50.0,3975000,40.8376335598669,3974899,44.19847172313977,-69.95274353027344,-2.4910831451416016,0.04,0.0003,0.01917504519224167,0.001832751207984984,0.0,,,,,,
,,3975000,,,,,,,,,,,64,32.01747459,0.0,61226,79500,50.0
31.629444133341313,50.0,4000000,41.03359699092891,3999899,42.986160204937384,-69.89741516113281,0.2631113827228546,0.0,0.0003,0.019517920911312103,0.0017727948725223541,0.0,,,,,,
,,4000000,,,,,,,,,,,64,32.15221762,0.0,61616,80000,50.0
31.97170295640826,50.0,4025000,40.71579031669781,4024899,43.886899354909765,-70.05604553222656,0.08877134323120117,0.19,0.0003,0.020550768822431564,0.0018083680188283324,0.01,,,,,,
,,4025000,,,,,,,,,,,64,31.96638962,0.0,62009,80500,50.0
31.427953045740722,50.0,4050000,40.03613300995617,4049899,42.855226258377286,-70.48356628417969,-5.016812324523926,0.67,0.0003,0.024256307631731033,0.0018566359067335725,0.02,,,,,,
,,4050000,,,,,,,,,,,64,31.134565900000002,0.0,62401,81000,50.0
31.825684143902034,50.0,4075000,40.499539540794814,4074899,43.67903546021055,-69.97171020507812,3.562471389770508,0.24,0.0003,0.03083537146449089,0.0018267318373546004,0.01,,,,,,
,,4075000,,,,,,,,,,,64,30.77849422,0.0,62795,81500,50.0
32.29662413559854,50.0,4100000,40.830649626872855,4099899,44.461819794831754,-69.45987701416016,-0.77079176902771,0.33999999999999997,0.0003,0.023666920140385628,0.0018295352347195148,0.01,,,,,,
,,4100000,,,,,,,,,,,64,31.41261217,0.01,63183,82000,50.0
32.269806963801386,50.0,4125000,41.90529671652223,4124899,43.71291822277037,-69.90270233154297,2.812354564666748,0.2,0.0003,0.026601601392030716,0.0018079964211210608,0.01,,,,,,
,,4125000,,,,,,,,,,,64,32.09332185,0.01,63570,82500,50.0
31.614761327649468,50.0,4150000,40.5405593765104,4149899,43.299054857077415,-69.80281829833984,0.9855624437332153,0.01,0.0003,0.026853635907173157,0.0018177222227677703,0.0,,,,,,
,,4150000,,,,,,,,,,,64,32.02339168,0.01,63958,83000,50.0
32.15454596012831,50.0,4175000,41.46393430666018,4174899,43.75900907526519,-70.06512451171875,1.0646166801452637,0.21,0.0003,0.01932317577302456,0.001813307055272162,0.0,,,,,,
,,4175000,,,,,,,,,,,64,30.92633825,0.0,64350,83500,50.0
31.763815199434756,50.0,4200000,41.27877059418611,4199899,43.112455727241326,-70.00697326660156,-2.9373199939727783,0.01,0.0003,0.0243523046374321,0.00176767457742244,0.0,,,,,,
,,4200000,,,,,,,,,,,64,31.971784910000007,0.0,64737,84000,50.0
31.41086749091279,50.0,4225000,39.18130361014494,4224899,43.56390877404074,-70.15703582763672,-1.4525511264801025,0.43,0.0003,0.025135014206171036,0.0018479537684470415,0.01,,,,,,
,,4225000,,,,,,,,,,,64,31.981483329999996,0.0,65125,84500,50.0
32.203663020431996,50.0,4250000,41.69951258784824,4249899,43.674435047667046,-69.7853775024414,1.0860204696655273,0.26,0.0003,0.028329163789749146,0.001826197956688702,0.01,,,,,,
,,4250000,,,,,,,,,,,64,31.383641669999996,0.0,65509,85000,50.0
32.16480482095852,50.0,4275000,41.36104831781506,4274899,43.81594794791697,-70.26405334472656,-3.9263715744018555,0.27999999999999997,0.0003,0.01969311386346817,0.0018357598455622792,0.01,,,,,,
,,4275000,,,,,,,,,,,64,32.32791241,0.01,65900,85500,50.0
32.101788068343886,50.0,4300000,41.210035277160735,4299899,43.894061799668584,-70.01918029785156,-0.40624797344207764,0.08,0.0003,0.025198539718985558,0.0018408483592793345,0.0,,,,,,
