train/ent_coef,train/actor_loss,eval/mean_ep_length,train/n_updates,train/ent_coef_loss,time/total_timesteps,train/critic_loss,eval/mean_pos_reward,eval/success_rate,train/learning_rate,eval/mean_quat_reward,eval/mean_bonus_reward,eval/mean_reward,time/episodes,time/fps,rollout/ep_len_mean,rollout/success_rate,time/time_elapsed,rollout/ep_rew_mean
0.003799062455072999,-59.24199295043945,50.0,24899,1.0741543769836426,25000,0.008104920387268066,37.70087723960204,0.0,0.0003,39.73982243748253,0.0,28.785394228845835,,,,,,
,,,,,25000,,,,,,,,500,149,50.0,0.0,167,28.482483400000007
0.00334914424456656,-61.43799591064453,50.0,49899,2.7842042446136475,50000,0.010057564824819565,40.10973168422417,0.0,0.0003,40.11112226915433,0.0,30.082646396309137,,,,,,
,,,,,50000,,,,,,,,1000,149,50.0,0.0,335,30.497333490000003
0.0024867751635611057,-64.63473510742188,50.0,74899,-2.2894017696380615,75000,0.008138885721564293,43.58269483868407,0.0,0.0003,42.806554087791824,0.0,32.492985954135655,,,,,,
,,,,,75000,,,,,,,,1500,148,50.0,0.0,503,31.680219159999996
0.0022698179818689823,-66.38121032714844,50.0,99899,-2.339653730392456,100000,0.007601477205753326,43.209357613929335,0.0,0.0003,42.13613496026512,0.0,32.138712554872036,,,,,,
,,,,,100000,,,,,,,,2000,148,50.0,0.0,672,32.33374737
0.0021481853909790516,-67.2159423828125,50.0,124899,-0.19331181049346924,125000,0.006226201541721821,43.464596783407686,0.0,0.0003,44.51336314153902,0.18,32.90563918277621,,,,,,
,,,,,125000,,,,,,,,2500,148,50.0,0.0,840,32.74951361
0.0022577240597456694,-68.93330383300781,50.0,149899,-1.9574400186538696,150000,0.008807528764009476,42.439521415920936,0.0,0.0003,44.388754485708084,0.0,32.31694932416082,,,,,,
,,,,,150000,,,,,,,,3000,148,50.0,0.0,1009,32.33506316
0.0019619674421846867,-69.07553100585938,50.0,174899,-2.0755252838134766,175000,0.008688761852681637,43.74537812196068,0.0,0.0003,44.76246916943919,0.0,33.06330636456609,,,,,,
,,,,,175000,,,,,,,,3500,148,50.0,0.0,1177,32.758124620000004
0.001916462671943009,-68.8709945678711,50.0,199899,0.29553478956222534,200000,0.007267598528414965,45.14671927946245,0.01,0.0003,44.667396505558386,0.36,33.83020874202251,,,,,,
,,,,,200000,,,,,,,,4000,148,50.0,0.01,1345,33.771571179999995
0.001828243606723845,-69.19343566894531,50.0,224899,0.708921492099762,225000,0.007111474871635437,45.865555718177184,0.0,0.0003,45.07095168998068,0.05,34.21301578849554,,,,,,
,,,,,225000,,,,,,,,4500,148,50.0,0.0,1514,33.742042770000005
0.0017593915108591318,-69.53528594970703,50.0,249899,1.5355300903320312,250000,0.0062413206323981285,46.023165347394894,0.02,0.0003,46.07511077528933,0.96,34.770360366404056,,,,,,
,,,,,250000,,,,,,,,5000,148,50.0,0.0,1684,33.82616189
0.0016585459234192967,-69.75188446044922,50.0,274899,0.7200484275817871,275000,0.004306977614760399,46.093856217062125,0.02,0.0003,45.448770496496856,0.72,34.58912074297667,,,,,,
,,,,,275000,,,,,,,,5500,148,50.0,0.0,1852,34.12911869999999
0.0015631840797141194,-69.80635070800781,50.0,299899,1.1604433059692383,300000,0.006330885924398899,45.62144739988785,0.01,0.0003,44.660852966400434,0.38,34.07093694299459,,,,,,
,,,,,300000,,,,,,,,6000,148,50.0,0.0,2021,33.999683950000005
0.0015545422211289406,-69.80320739746094,50.0,324899,2.1601626873016357,325000,0.004131816793233156,46.005467340390446,0.0,0.0003,45.40431245097991,0.22999999999999998,34.411311816573146,,,,,,
,,,,,325000,,,,,,,,6500,148,50.0,0.01,2188,34.18757961
0.0015436249086633325,-70.2753677368164,50.0,349899,2.9569921493530273,350000,0.004577102139592171,45.56525802088849,0.0,0.0003,45.24773818179633,0.13999999999999999,34.129563549160956,,,,,,
,,,,,350000,,,,,,,,7000,148,50.0,0.0,2355,34.23476284
0.0015137215377762914,-70.4814453125,50.0,374899,0.8122408390045166,375000,0.004422876983880997,46.21161896416851,0.01,0.0003,45.412967679936486,0.48,34.579051428735255,,,,,,
,,,,,375000,,,,,,,,7500,148,50.0,0.0,2521,34.454268750000004
0.0015147830126807094,-70.70575714111328,50.0,399899,-0.014322102069854736,400000,0.003279666882008314,46.245101961104034,0.02,0.0003,45.60090005410351,0.91,34.750275993049144,,,,,,
,,,,,400000,,,,,,,,8000,148,50.0,0.02,2688,34.266192399999994
0.0015076410491019487,-70.74900817871094,50.0,424899,3.207396984100342,425000,0.003336802124977112,46.18479188697175,0.03,0.0003,45.79025265149865,1.37,34.882459098398684,,,,,,
,,,,,425000,,,,,,,,8500,148,50.0,0.0,2854,34.55051871
0.001510639674961567,-70.95437622070312,50.0,449899,2.4375929832458496,450000,0.006199317052960396,46.237793980515065,0.02,0.0003,45.14817912808585,0.83,34.613441763818265,,,,,,
,,,,,450000,,,,,,,,9000,149,50.0,0.03,3019,34.54877383
0.0015026559121906757,-71.02760314941406,50.0,474899,-1.9568278789520264,475000,0.0035233795642852783,46.31508258609583,0.07,0.0003,46.24482180708458,2.7,35.3937467379868,,,,,,
,,,,,475000,,,,,,,,9500,149,50.0,0.02,3185,34.741736700000004
0.0015533840050920844,-71.23662567138672,50.0,499899,0.6885073781013489,500000,0.0031865949276834726,46.681513513555004,0.01,0.0003,45.866209956941425,0.41000000000000003,34.909809224009514,,,,,,
,,,,,500000,,,,,,,,10000,149,50.0,0.03,3352,34.46016995
0.001468030153773725,-71.41912841796875,50.0,524899,1.3261425495147705,525000,0.004431102424860001,46.80109804095539,0.01,0.0003,46.32136599701263,0.41000000000000003,35.08339050784707,,,,,,
,,,,,525000,,,,,,,,10500,149,50.0,0.03,3519,34.82923813
0.001413805177435279,-71.3402328491211,50.0,549899,-3.09989857673645,550000,0.0035556000657379627,47.0896713467446,0.12,0.0003,46.61931051699799,4.77,36.392163289487364,,,,,,
,,,,,550000,,,,,,,,11000,149,50.0,0.03,3685,34.751352190000006
0.0014149725902825594,-71.66642761230469,50.0,574899,-2.7258048057556152,575000,0.004069115966558456,47.028054569103844,0.1,0.0003,46.380608621322104,3.58,36.00417944118381,,,,,,
,,,,,575000,,,,,,,,11500,149,50.0,0.03,3851,34.716426260000006
0.001385998446494341,-71.60237121582031,50.0,599899,-0.21891838312149048,600000,0.007386916782706976,46.96732201067023,0.05,0.0003,46.865377209784434,2.1399999999999997,35.73500530511141,,,,,,
,,,,,600000,,,,,,,,12000,149,50.0,0.01,4016,35.07724923999999
0.001350298640318215,-71.73912048339844,50.0,624899,0.9033496379852295,625000,0.0030426480807363987,46.77450705281506,0.03,0.0003,45.97996926653441,0.95,35.11974585607648,,,,,,
,,,,,625000,,,,,,,,12500,149,50.0,0.06,4181,35.305072700000004
0.001341755734756589,-71.73873901367188,50.0,649899,0.839043140411377,650000,0.004840580280870199,47.10457194586511,0.11,0.0003,46.15365753385655,4.36,36.18070035740733,,,,,,
,,,,,650000,,,,,,,,13000,149,50.0,0.0,4345,35.16245183
0.001325424644164741,-71.76998901367188,50.0,674899,0.1560632884502411,675000,0.0035269216168671846,46.891377713125564,0.09,0.0003,45.96687075128656,3.2300000000000004,35.74490651771426,,,,,,
,,,,,675000,,,,,,,,13500,149,50.0,0.06,4510,35.23747448
0.0013263679575175047,-72.0381088256836,50.0,699899,-0.2888599634170532,700000,0.0031203061807900667,47.027208702488274,0.08,0.0003,46.521833454556436,3.11,35.92156272813678,,,,,,
,,,,,700000,,,,,,,,14000,149,50.0,0.04,4676,35.2341793
0.001381922629661858,-72.04399108886719,50.0,724899,-0.5479379892349243,725000,0.004430616274476051,47.071815662609964,0.08,0.0003,46.559580803942836,2.92,35.90580300912261,,,,,,
,,,,,725000,,,,,,,,14500,149,50.0,0.09,4843,35.393261869999996
0.0013710677158087492,-72.42509460449219,50.0,749899,-1.478833556175232,750000,0.0052033704705536366,46.83548861162617,0.07,0.0003,45.827533206214405,2.78,35.56962760284543,,,,,,
,,,,,750000,,,,,,,,15000,149,50.0,0.03,5008,35.311167489999995
0.0013655765214934945,-72.14989471435547,50.0,774899,-3.4224014282226562,775000,0.00273580732755363,47.218018669415216,0.1,0.0003,46.752786475883276,4.24,36.357205947041514,,,,,,
,,,,,775000,,,,,,,,15500,149,50.0,0.07,5174,35.35356787
0.001357533852569759,-72.33558654785156,50.0,799899,1.347557783126831,800000,0.003901249263435602,47.12526483384965,0.1,0.0003,46.24468281955881,3.75,36.061303126513955,,,,,,
,,,,,800000,,,,,,,,16000,149,50.0,0.03,5339,35.606343790000004
0.0013989920262247324,-72.59552001953125,50.0,824899,0.6735056638717651,825000,0.004033998586237431,47.45930578005362,0.17,0.0003,46.32657744996676,6.78,37.0062972509861,,,,,,
,,,,,825000,,,,,,,,16500,149,50.0,0.08,5506,35.97915099
0.0014737218152731657,-72.690673828125,50.0,849899,0.42847752571105957,850000,0.00609408225864172,47.40623645637406,0.16,0.0003,46.75031771588657,6.0,36.89069763109088,,,,,,
,,,,,850000,,,,,,,,17000,149,50.0,0.12,5672,35.906194000000006
0.0015221574576571584,-72.91331481933594,50.0,874899,1.6330044269561768,875000,0.003128274343907833,47.252220751006895,0.19,0.0003,46.69168622215532,7.28,37.11903194442392,,,,,,
,,,,,875000,,,,,,,,17500,149,50.0,0.08,5839,36.51027123000001
0.0015937406569719315,-73.02214813232422,50.0,899899,1.3276973962783813,900000,0.003286017570644617,47.485402811353595,0.24,0.0003,46.859941398116625,9.27,37.77518673434854,,,,,,
,,,,,900000,,,,,,,,18000,149,50.0,0.17,6005,36.830312719999995
0.0016714155208319426,-73.49763488769531,50.0,924899,0.12747341394424438,925000,0.008056391961872578,47.50461002813569,0.23,0.0003,46.68469270203502,8.42,37.528478190153834,,,,,,
,,,,,925000,,,,,,,,18500,149,50.0,0.14,6171,36.200305439999994
0.001727367052808404,-73.54141998291016,50.0,949899,0.8549749851226807,950000,0.005003218539059162,47.637997053707295,0.28,0.0003,46.72893687509073,10.48,38.121232752203944,,,,,,
,,,,,950000,,,,,,,,19000,149,50.0,0.19,6338,36.81404709
0.0016727109905332327,-73.49929809570312,50.0,974899,0.24788248538970947,975000,0.0049763889983296394,47.422812415325545,0.21,0.0003,46.564076910751304,8.459999999999999,37.467425430566074,,,,,,
,,,,,975000,,,,,,,,19500,149,50.0,0.08,6505,36.057207129999995
0.0017844344256445765,-73.9537353515625,50.0,999899,1.2177672386169434,1000000,0.006187256425619125,47.61688730954576,0.37,0.0003,46.699839141398236,14.360000000000001,39.073403442651035,,,,,,
,,,,,1000000,,,,,,,,20000,149,50.0,0.12,6672,36.47840265
0.0017878582002595067,-74.25377655029297,50.0,1024899,-1.6906676292419434,1025000,0.004826949443668127,47.34163172639415,0.25,0.0003,46.80061693201609,8.459999999999999,37.4859700872004,,,,,,
,,,,,1025000,,,,,,,,20500,149,50.0,0.18,6838,36.72196214
0.0018375868676230311,-74.24109649658203,50.0,1049899,-1.9114301204681396,1050000,0.0055902013555169106,47.45540125271893,0.28,0.0003,46.84387458031633,10.8,38.13866926655173,,,,,,
,,,,,1050000,,,,,,,,21000,149,50.0,0.12,7005,37.00799543000001
0.0017930977046489716,-74.75476837158203,50.0,1074899,1.3750011920928955,1075000,0.006349165458232164,47.52338241014735,0.3,0.0003,46.58122408970355,11.09,38.17949722930789,,,,,,
,,,,,1075000,,,,,,,,21500,149,50.0,0.1,7172,36.69831963000001
0.0018511144444346428,-74.89563751220703,50.0,1099899,-1.7965004444122314,1100000,0.006283169612288475,47.42360055926302,0.3,0.0003,47.03753747212057,10.77,38.163684650957585,,,,,,
,,,,,1100000,,,,,,,,22000,149,50.0,0.19,7339,36.49074255000001
0.0019410904496908188,-75.12269592285156,50.0,1124899,-0.6192216873168945,1125000,0.006472546141594648,47.65342269835857,0.32,0.0003,46.8082070003954,12.72,38.708763104230165,,,,,,
,,,,,1125000,,,,,,,,22500,149,50.0,0.18,7504,37.183760299999996
0.0019764378666877747,-75.22429656982422,50.0,1149899,-0.7997773289680481,1150000,0.007320573553442955,47.44507766955001,0.26,0.0003,46.630027744488906,10.2,37.930045786499974,,,,,,
,,,,,1150000,,,,,,,,23000,149,50.0,0.2,7670,37.36380234999999
0.0019329917849972844,-75.41373443603516,50.0,1174899,0.0051305294036865234,1175000,0.005509218201041222,47.300534899175744,0.2,0.0003,46.867886098090764,8.07,37.384738969802854,,,,,,
,,,,,1175000,,,,,,,,23500,149,50.0,0.14,7835,36.81806067
0.001967016374692321,-75.37031555175781,50.0,1199899,-0.14545708894729614,1200000,0.00885460339486599,47.54405972855167,0.3,0.0003,46.656969604903615,10.91,38.163772276490924,,,,,,
,,,,,1200000,,,,,,,,24000,149,50.0,0.17,8001,37.01873069
0.0019574016332626343,-75.73002624511719,50.0,1224899,0.877560019493103,1225000,0.008052476681768894,47.16443472202682,0.24,0.0003,46.916151164318386,8.959999999999999,37.551255157142876,,,,,,
,,,,,1225000,,,,,,,,24500,149,50.0,0.17,8167,36.898274470000004
0.0020270845852792263,-75.69093322753906,50.0,1249899,0.5427279472351074,1250000,0.008779680356383324,47.309822771110504,0.33,0.0003,46.8265655838678,12.690000000000001,38.53405278712511,,,,,,
,,,,,1250000,,,,,,,,25000,150,50.0,0.2,8333,37.38346874
0.0021303363610059023,-76.02609252929688,50.0,1274899,-0.835756778717041,1275000,0.007763899862766266,47.540801796092275,0.43,0.0003,47.077363040966105,16.03,39.54724164485931,,,,,,
,,,,,1275000,,,,,,,,25500,150,50.0,0.22,8498,37.42932205
0.002212139079347253,-75.92039489746094,50.0,1299899,2.4472248554229736,1300000,0.008298804983496666,47.51200311806006,0.28,0.0003,46.99552945567982,10.13,38.03738391637802,,,,,,
,,,,,1300000,,,,,,,,26000,150,50.0,0.3,8663,37.66033354
0.0023270670790225267,-76.40982055664062,50.0,1324899,-0.6383661031723022,1325000,0.010316549800336361,47.73633058892657,0.44,0.0003,46.74180529427427,16.64,39.713616607487204,,,,,,
,,,,,1325000,,,,,,,,26500,150,50.0,0.22,8828,37.53372586
0.0024799827951937914,-76.31755065917969,50.0,1349899,-1.4783071279525757,1350000,0.008899237029254436,47.635696826530186,0.37,0.0003,46.89722496326856,12.379999999999999,38.637154637426136,,,,,,
,,,,,1350000,,,,,,,,27000,150,50.0,0.3,8993,37.86000869
0.002586871851235628,-76.44139099121094,50.0,1374899,-1.4995546340942383,1375000,0.010588660836219788,47.844235547725624,0.43,0.0003,46.86388444256416,16.31,39.715588900595904,,,,,,
,,,,,1375000,,,,,,,,27500,150,50.0,0.21,9159,37.71121415
0.0026859580539166927,-77.31375122070312,50.0,1399899,0.243668794631958,1400000,0.011491723358631134,47.88363406169631,0.57,0.0003,46.93294313259408,21.07,40.942552805095914,,,,,,
,,,,,1400000,,,,,,,,28000,150,50.0,0.28,9324,38.519196269999995
0.0028551260475069284,-77.44246673583984,50.0,1424899,0.2825084626674652,1425000,0.011622380465269089,47.864340207538696,0.58,0.0003,47.42328355828816,21.92,41.26799097508192,,,,,,
,,,,,1425000,,,,,,,,28500,150,50.0,0.3,9489,38.20648773
0.0029697194695472717,-77.56134796142578,50.0,1449899,0.9966080188751221,1450000,0.01031459029763937,47.958725314720155,0.62,0.0003,47.63639674409474,23.5,41.7634618242085,,,,,,
,,,,,1450000,,,,,,,,29000,150,50.0,0.39,9655,38.98278064
0.003192045958712697,-77.9456787109375,50.0,1474899,-0.2695815861225128,1475000,0.010005909949541092,47.893696592430466,0.53,0.0003,46.94072346550371,18.61,40.3345291313529,,,,,,
,,,,,1475000,,,,,,,,29500,150,50.0,0.42,9822,39.20238043
0.003267281921580434,-78.06584167480469,50.0,1499899,-0.10404253005981445,1500000,0.011418650858104229,47.75040977659484,0.57,0.0003,47.12845013481283,21.12,40.9373174123466,,,,,,
,,,,,1500000,,,,,,,,30000,150,50.0,0.3,9988,38.63576555
0.0035366592928767204,-78.450927734375,50.0,1524899,-0.1168651282787323,1525000,0.01140298880636692,48.0056790334758,0.6,0.0003,47.282729821048015,22.53,41.456021984219554,,,,,,
,,,,,1525000,,,,,,,,30500,150,50.0,0.42,10154,39.28551964
0.003542819758877158,-78.61630249023438,50.0,1549899,-1.6529819965362549,1550000,0.011864332482218742,47.95233098683313,0.67,0.0003,46.85899180401211,24.27,41.75841344416141,,,,,,
,,,,,1550000,,,,,,,,31000,150,50.0,0.41,10321,38.76118894
0.0036380281671881676,-78.71717071533203,50.0,1574899,-1.1514678001403809,1575000,0.010258390568196774,47.81458412754596,0.51,0.0003,46.73802518721428,19.35,40.429298352748155,,,,,,
,,,,,1575000,,,,,,,,31500,150,50.0,0.43,10486,38.97984471
0.003682925831526518,-79.12393188476562,50.0,1599899,-1.1785902976989746,1600000,0.015523940324783325,47.74743287275679,0.55,0.0003,47.028791706414786,20.580000000000002,40.775914370417595,,,,,,
,,,,,1600000,,,,,,,,32000,150,50.0,0.39,10652,39.523461209999994
0.0039404649287462234,-79.3699951171875,50.0,1624899,-0.39213407039642334,1625000,0.015440607443451881,47.82540606966158,0.63,0.0003,47.10922251008046,23.26,41.505008662641046,,,,,,
,,,,,1625000,,,,,,,,32500,150,50.0,0.44,10818,39.33773714000001
0.004186941776424646,-79.68695068359375,50.0,1649899,-0.4554595649242401,1650000,0.01568443886935711,47.722051759651116,0.64,0.0003,46.78045616965772,22.88,41.276139892041684,,,,,,
,,,,,1650000,,,,,,,,33000,150,50.0,0.4,10983,39.22990352
0.004311671014875174,-79.97581481933594,50.0,1674899,-0.09034198522567749,1675000,0.01336915697902441,47.913791008624244,0.72,0.0003,46.90634912392268,25.66,42.09848280221224,,,,,,
,,,,,1675000,,,,,,,,33500,150,50.0,0.52,11148,40.72083958
0.004487704485654831,-80.52963256835938,50.0,1699899,-0.8514416217803955,1700000,0.013949068263173103,48.064746479177884,0.74,0.0003,47.01434283291559,27.189999999999998,42.5834589317441,,,,,,
,,,,,1700000,,,,,,,,34000,150,50.0,0.46,11315,40.319676050000005
0.004615801852196455,-80.61412048339844,50.0,1724899,-0.25680750608444214,1725000,0.013227295130491257,48.1610417121476,0.75,0.0003,47.232748381907044,27.62,42.79370795190334,,,,,,
,,,,,1725000,,,,,,,,34500,150,50.0,0.56,11479,40.94462841000001
0.004843589849770069,-80.69482421875,50.0,1749899,0.7683516144752502,1750000,0.013558149337768555,47.894764307528085,0.75,0.0003,47.187846206095294,27.33,42.57684371381998,,,,,,
,,,,,1750000,,,,,,,,35000,150,50.0,0.58,11645,40.689199630000005
0.005166392307728529,-81.27352905273438,50.0,1774899,0.33536165952682495,1775000,0.015501697547733784,47.948751080976216,0.75,0.0003,47.33338029798528,27.800000000000004,42.757720610052345,,,,,,
,,,,,1775000,,,,,,,,35500,150,50.0,0.56,11811,40.72478537
0.005244509316980839,-81.24690246582031,50.0,1799899,1.7817878723144531,1800000,0.014061175286769867,47.83075760690115,0.82,0.0003,47.116816162862854,30.669999999999998,43.36208286494016,,,,,,
,,,,,1800000,,,,,,,,36000,150,50.0,0.55,11977,40.742196199999995
0.005476546473801136,-81.47481536865234,50.0,1824899,-0.5409639477729797,1825000,0.01640736125409603,48.106371465190804,0.76,0.0003,47.042009879952815,27.43,42.671188181340696,,,,,,
,,,,,1825000,,,,,,,,36500,150,50.0,0.57,12142,40.789950499999996
0.005806064233183861,-81.46360778808594,50.0,1849899,-0.36121416091918945,1850000,0.01836489886045456,48.03768763731664,0.8,0.0003,47.133723131520675,28.939999999999998,43.03727459520101,,,,,,
,,,,,1850000,,,,,,,,37000,150,50.0,0.65,12307,41.21823723000001
0.005788256414234638,-82.2916259765625,50.0,1874899,0.1606917530298233,1875000,0.02189357578754425,47.89396654323322,0.75,0.0003,47.267530802469054,27.750000000000004,42.701365971565245,,,,,,
,,,,,1875000,,,,,,,,37500,150,50.0,0.59,12473,41.12777306
0.006084923632442951,-82.01144409179688,50.0,1899899,-0.5128083825111389,1900000,0.018026582896709442,48.092218055659416,0.8,0.0003,47.48940738645279,30.34,43.50346085384488,,,,,,
,,,,,1900000,,,,,,,,38000,150,50.0,0.63,12639,41.026972539999996
0.006114390213042498,-82.22356414794922,50.0,1924899,0.276222825050354,1925000,0.016494860872626305,48.12603886866728,0.86,0.0003,47.203700345032324,31.490000000000002,43.73644453048706,,,,,,
,,,,,1925000,,,,,,,,38500,150,50.0,0.53,12804,40.61903555000001
0.006063016131520271,-82.92802429199219,50.0,1949899,0.30978506803512573,1950000,0.016140419989824295,47.98858242277839,0.77,0.0003,47.04259210871315,29.080000000000002,43.024939247369765,,,,,,
,,,,,1950000,,,,,,,,39000,150,50.0,0.53,12970,41.32162837
0.006342042237520218,-82.95449829101562,50.0,1974899,-0.7299684286117554,1975000,0.017106909304857254,47.94778094373458,0.81,0.0003,47.09211704510108,29.609999999999996,43.149419730305674,,,,,,
,,,,,1975000,,,,,,,,39500,150,50.0,0.53,13135,41.04581408
0.006557024549692869,-82.73905944824219,50.0,1999899,0.48487216234207153,2000000,0.02022450603544712,48.096991200461936,0.75,0.0003,47.05638665116605,28.62,42.96759224146604,,,,,,
,,,,,2000000,,,,,,,,40000,150,50.0,0.71,13300,41.93784854
0.006820587906986475,-83.37965393066406,50.0,2024899,-0.055654376745224,2025000,0.02058316208422184,48.161194092798674,0.84,0.0003,46.957303295372945,30.759999999999998,43.50992285296321,,,,,,
,,,,,2025000,,,,,,,,40500,150,50.0,0.6,13465,41.54997981
0.007114403415471315,-83.4808578491211,50.0,2049899,0.7180790305137634,2050000,0.0190887413918972,48.218842725503805,0.85,0.0003,46.96985295488252,31.52,43.73188461884856,,,,,,
,,,,,2050000,,,,,,,,41000,150,50.0,0.59,13631,41.46236385
0.007363864220678806,-83.49412536621094,50.0,2074899,-0.651337742805481,2075000,0.021016526967287064,48.20219887089765,0.83,0.0003,47.00027922452626,30.709999999999997,43.52866923853755,,,,,,
,,,,,2075000,,,,,,,,41500,150,50.0,0.69,13797,41.70557656
0.007429235614836216,-83.20797729492188,50.0,2099899,-0.13487637042999268,2100000,0.023037880659103394,47.988110905206646,0.82,0.0003,46.7872350712195,30.06,43.20586419709027,,,,,,
,,,,,2100000,,,,,,,,42000,150,50.0,0.53,13962,41.02519703
0.007557370699942112,-83.86775207519531,50.0,2124899,-0.7979017496109009,2125000,0.035293374210596085,48.132006217701765,0.83,0.0003,46.726088757385455,30.0,43.247525296658274,,,,,,
,,,,,2125000,,,,,,,,42500,150,50.0,0.65,14128,42.19616410999999
0.007633186411112547,-84.05790710449219,50.0,2149899,0.924166738986969,2150000,0.016419045627117157,48.21283895763916,0.83,0.0003,47.131392313021856,30.8,43.589267556071285,,,,,,
,,,,,2150000,,,,,,,,43000,150,50.0,0.61,14294,41.682168329999996
0.007806973997503519,-83.81489562988281,50.0,2174899,-0.6074286699295044,2175000,0.0180542953312397,48.332227458199526,0.9,0.0003,47.64127923995601,33.67,44.493933539986614,,,,,,
,,,,,2175000,,,,,,,,43500,150,50.0,0.7,14460,41.91165573
0.0078100902028381824,-84.43718719482422,50.0,2199899,-0.1432332843542099,2200000,0.01629076525568962,48.08792190962589,0.94,0.0003,47.33012167877408,34.62,44.53149138048291,,,,,,
,,,,,2200000,,,,,,,,44000,150,50.0,0.73,14626,41.93140064999999
0.007985204458236694,-84.02716064453125,50.0,2224899,0.7551175355911255,2225000,0.028011901304125786,48.27092008776117,0.88,0.0003,47.16403859827149,32.14,43.96146969377995,,,,,,
,,,,,2225000,,,,,,,,44500,150,50.0,0.75,14791,42.13849843999999
0.00822511687874794,-84.1236801147461,50.0,2249899,-1.2547966241836548,2250000,0.01836870238184929,47.98979952830703,0.93,0.0003,47.25750435718778,33.52,44.18927586406469,,,,,,
,,,,,2250000,,,,,,,,45000,150,50.0,0.78,14958,42.45390607
0.008298252709209919,-84.47343444824219,50.0,2274899,-0.5976768136024475,2275000,0.027125531807541847,48.07131120494768,0.89,0.0003,47.014820779012176,33.550000000000004,44.176860803365706,,,,,,
,,,,,2275000,,,,,,,,45500,150,50.0,0.68,15124,41.70346712
0.008239935152232647,-84.94751739501953,50.0,2299899,1.390174388885498,2300000,0.0216512568295002,48.15882416681111,0.86,0.0003,46.75401599482275,31.36,43.60791607439518,,,,,,
,,,,,2300000,,,,,,,,46000,150,50.0,0.78,15289,42.406653899999995
0.008338941261172295,-85.40231323242188,50.0,2324899,1.3177006244659424,2325000,0.020442301407456398,48.144454615097125,0.92,0.0003,47.07774610223714,33.650000000000006,44.25416384622454,,,,,,
,,,,,2325000,,,,,,,,46500,150,50.0,0.72,15454,41.9426456
0.008612854406237602,-85.27741241455078,50.0,2349899,0.43358808755874634,2350000,0.017501022666692734,48.06074467390077,0.84,0.0003,47.32068759073289,31.490000000000002,43.733044234216216,,,,,,
,,,,,2350000,,,,,,,,47000,150,50.0,0.71,15619,41.67801507
0.008580037392675877,-85.01922607421875,50.0,2374899,0.15814131498336792,2375000,0.02368856593966484,48.16891410957491,0.87,0.0003,47.43256465118595,32.23,44.00009820535779,,,,,,
,,,,,2375000,,,,,,,,47500,150,50.0,0.82,15785,42.907479460000005
0.008699807338416576,-85.35798645019531,50.0,2399899,0.8293842673301697,2400000,0.022872723639011383,48.12681804707926,0.86,0.0003,47.322047053028626,32.78,44.08892078921199,,,,,,
,,,,,2400000,,,,,,,,48000,150,50.0,0.75,15950,41.70387766000001
0.0087190642952919,-85.9582748413086,50.0,2424899,0.14277008175849915,2425000,0.016990860924124718,48.139328680502494,0.92,0.0003,47.49345106236917,34.32,44.523027102351186,,,,,,
,,,,,2425000,,,,,,,,48500,150,50.0,0.73,16116,42.50993643999999
0.008676198311150074,-85.3420639038086,50.0,2449899,-0.6915159225463867,2450000,0.023617060855031013,48.096759938779925,0.86,0.0003,46.96229244105503,31.94,43.773953081965445,,,,,,
,,,,,2450000,,,,,,,,49000,150,50.0,0.76,16282,42.84198813999999
0.008650238625705242,-85.67955017089844,50.0,2474899,-0.09443432092666626,2475000,0.019951757043600082,48.2375695739618,0.91,0.0003,47.42817427082067,34.39,44.57332836180925,,,,,,
,,,,,2475000,,,,,,,,49500,150,50.0,0.8,16447,42.47533531999999
0.008765415288507938,-86.36869812011719,50.0,2499899,-0.5291389226913452,2500000,0.017144259065389633,48.041447241246274,0.92,0.0003,47.36982797594369,33.7,44.28818062081933,,,,,,
,,,,,2500000,,,,,,,,50000,150,50.0,0.76,16613,42.6301429
0.008883040398359299,-86.18218231201172,50.0,2524899,0.5285111665725708,2525000,0.027575664222240448,48.023927301005585,0.83,0.0003,46.967344637511886,30.599999999999998,43.40379981592297,,,,,,
,,,,,2525000,,,,,,,,50500,150,50.0,0.72,16778,42.458019140000005
0.00905073992908001,-86.25918579101562,50.0,2549899,0.4863322079181671,2550000,0.01933852955698967,48.26477284026397,0.82,0.0003,46.73367669979357,29.89,43.28830559998751,,,,,,
,,,,,2550000,,,,,,,,51000,150,50.0,0.69,16946,42.08505763
0.00892578437924385,-86.56262969970703,50.0,2574899,-0.06986427307128906,2575000,0.022707507014274597,48.26971799806208,0.88,0.0003,47.078917242140875,32.25,43.96708830520511,,,,,,
,,,,,2575000,,,,,,,,51500,150,50.0,0.78,17111,42.85566900999999
0.009199065156280994,-86.48077392578125,50.0,2599899,0.10529345273971558,2600000,0.017850611358880997,48.14857245007549,0.84,0.0003,47.11822835420346,30.869999999999997,43.57134332209826,,,,,,
,,,,,2600000,,,,,,,,52000,150,50.0,0.76,17277,42.42433258
0.009045622311532497,-86.58108520507812,50.0,2624899,0.14643827080726624,2625000,0.01585385948419571,48.30098953330626,0.89,0.0003,47.568676336160905,33.72,44.47266387373209,,,,,,
,,,,,2625000,,,,,,,,52500,150,50.0,0.73,17438,43.05149732999999
0.009199016727507114,-86.52397918701172,50.0,2649899,0.9155277609825134,2650000,0.015797866508364677,48.19613298487218,0.88,0.0003,47.12980240047426,32.769999999999996,44.07301709488034,,,,,,
,,,,,2650000,,,,,,,,53000,150,50.0,0.78,17596,42.84457705
0.009111170656979084,-87.46814727783203,50.0,2674899,0.3428057134151459,2675000,0.014123430475592613,48.29465224995613,0.96,0.0003,47.70583284090753,36.870000000000005,45.29128433719277,,,,,,
,,,,,2675000,,,,,,,,53500,150,50.0,0.82,17755,42.87510135
0.009091866202652454,-87.54570007324219,50.0,2699899,1.3071117401123047,2700000,0.01775391958653927,48.28610692561457,0.93,0.0003,47.11510445322868,34.53,44.55432955697179,,,,,,
,,,,,2700000,,,,,,,,54000,150,50.0,0.74,17920,42.96196245000001
0.009494495578110218,-86.88479614257812,50.0,2724899,0.6033902168273926,2725000,0.018536601215600967,48.07715765338502,0.9,0.0003,47.43957122576629,34.12,44.42847164228559,,,,,,
,,,,,2725000,,,,,,,,54500,150,50.0,0.81,18087,43.18123584
0.009563201107084751,-86.63186645507812,50.0,2749899,0.39280402660369873,2750000,0.017155494540929794,48.17633159288374,0.92,0.0003,47.24308037624383,33.7,44.32393590778113,,,,,,
,,,,,2750000,,,,,,,,55000,150,50.0,0.74,18254,42.49804931
0.009368466213345528,-87.1191635131836,50.0,2774899,0.365082710981369,2775000,0.023743338882923126,48.10829586947683,0.84,0.0003,47.151392133306906,31.740000000000002,43.77699599891901,,,,,,
,,,,,2775000,,,,,,,,55500,150,50.0,0.81,18422,42.65312771
0.009579380974173546,-86.85737609863281,50.0,2799899,-1.2541347742080688,2800000,0.01821819692850113,48.17923231319562,0.94,0.0003,47.28444783830451,35.21,44.71322812393308,,,,,,
,,,,,2800000,,,,,,,,56000,150,50.0,0.79,18589,43.16218468
0.009501702152192593,-87.40174865722656,50.0,2824899,0.5796253681182861,2825000,0.018492337316274643,48.2060267751002,0.93,0.0003,47.362441032067984,34.46,44.55862364068627,,,,,,
,,,,,2825000,,,,,,,,56500,150,50.0,0.78,18756,43.43164076000001
0.009556532837450504,-86.56312561035156,50.0,2849899,-1.2681962251663208,2850000,0.019813813269138336,48.272392083139984,0.93,0.0003,47.07853113130271,34.12,44.43582884252071,,,,,,
,,,,,2850000,,,,,,,,57000,150,50.0,0.83,18922,42.994612030000006
0.00936888623982668,-86.84953308105469,50.0,2874899,1.207856297492981,2875000,0.022134140133857727,48.27440974976834,0.94,0.0003,47.18084419322086,34.760000000000005,44.62241592973471,,,,,,
,,,,,2875000,,,,,,,,57500,150,50.0,0.77,19088,42.630391020000005
0.009263979271054268,-86.75279235839844,50.0,2899899,0.23052145540714264,2900000,0.019834458827972412,48.31578305997693,0.94,0.0003,47.51666867332831,35.42,44.892058695703746,,,,,,
,,,,,2900000,,,,,,,,58000,150,50.0,0.85,19255,42.79414637
0.009318300522863865,-86.89137268066406,50.0,2924899,1.0704238414764404,2925000,0.014936935156583786,48.38402567623488,0.95,0.0003,47.28495656573073,35.63,44.92075197428465,,,,,,
,,,,,2925000,,,,,,,,58500,150,50.0,0.76,19422,43.032237380000005
0.009509026072919369,-87.29247283935547,50.0,2949899,-0.10704535245895386,2950000,0.01875806786119938,48.27710081764371,0.93,0.0003,47.057376718908415,34.22,44.45789456933737,,,,,,
,,,,,2950000,,,,,,,,59000,150,50.0,0.84,19587,43.56111160999999
0.009253821335732937,-87.04611206054688,50.0,2974899,-0.5654827356338501,2975000,0.018382057547569275,48.13544220443231,0.93,0.0003,47.28333350177152,34.870000000000005,44.60605446383357,,,,,,
,,,,,2975000,,,,,,,,59500,150,50.0,0.77,19753,42.71599597
0.00945556815713644,-87.41246795654297,50.0,2999899,0.5324252843856812,3000000,0.018530668690800667,48.28242169859538,0.91,0.0003,47.30407268634293,33.94,44.45222902417183,,,,,,
,,,,,3000000,,,,,,,,60000,150,50.0,0.72,19918,42.893706679999994
0.009432097896933556,-87.43601989746094,50.0,3024899,-0.5322790145874023,3025000,0.017591437324881554,48.234495867060694,0.96,0.0003,47.475337636374135,35.89,44.95858233302832,,,,,,
,,,,,3025000,,,,,,,,60500,150,50.0,0.81,20083,42.95140724000001
0.009334185160696507,-87.40438842773438,50.0,3049899,-0.16832035779953003,3050000,0.01557955052703619,48.084072113939655,0.92,0.0003,47.44903303524707,34.61,44.55679429337383,,,,,,
,,,,,3050000,,,,,,,,61000,150,50.0,0.88,20250,43.561219770000015
0.00927705504000187,-87.45166015625,50.0,3074899,0.22295089066028595,3075000,0.017512349411845207,48.07010318035383,0.83,0.0003,46.83605038022239,30.819999999999997,43.44906416520476,,,,,,
,,,,,3075000,,,,,,,,61500,150,50.0,0.85,20417,43.54795572
0.009283622726798058,-87.26570129394531,50.0,3099899,1.1068317890167236,3100000,0.017125874757766724,48.29888176553097,0.93,0.0003,47.43874652086583,34.67,44.676627502441406,,,,,,
,,,,,3100000,,,,,,,,62000,150,50.0,0.73,20582,42.62017589
0.009128913283348083,-87.61194610595703,50.0,3124899,-0.14951470494270325,3125000,0.014610692858695984,48.120799316660815,0.81,0.0003,47.390221279460185,30.880000000000003,43.62795496314764,,,,,,
,,,,,3125000,,,,,,,,62500,150,50.0,0.82,20749,43.414141980000004
0.009344802238047123,-87.71991729736328,50.0,3149899,1.308491587638855,3150000,0.021112248301506042,48.41709780535253,0.96,0.0003,47.140267726452386,35.160000000000004,44.783615844249724,,,,,,
,,,,,3150000,,,,,,,,63000,150,50.0,0.84,20917,43.39978633
0.009279497899115086,-87.4690933227539,50.0,3174899,-0.7496836185455322,3175000,0.018842773512005806,48.07120760718587,0.85,0.0003,47.64850266666679,32.879999999999995,44.16772947430611,,,,,,
,,,,,3175000,,,,,,,,63500,150,50.0,0.84,21084,43.414331309999994
0.009354694746434689,-87.62481689453125,50.0,3199899,-0.6190965175628662,3200000,0.018882321193814278,48.35738154267414,0.92,0.0003,47.152857571389504,34.599999999999994,44.6169051463902,,,,,,
